_id,School Name,Enrolled population,DTP* coverage rate (%),DTP Religious exemption rate (%),MMR† coverage rate (%),MMR Religious exemption rate (%)
1,A Y JACKSON SECONDARY SCHOOL ,1070.0,91.0,1.0,95.7,1.0
2,ACADÉMIE ALEXANDRE-DUMAS ,110.0,88.2,1.8,90.0,1.8
3,ADAM BECK JUNIOR PUBLIC SCHOOL ,247.0,91.9,3.6,94.3,3.6
4,AFRICENTRIC ALTERNATIVE SCHOOL ,66.0,71.2,19.7,72.7,19.7
5,AGINCOURT COLLEGIATE INSTITUTE ,1253.0,90.7,1.0,97.8,1.0
6,AGINCOURT JUNIOR PUBLIC SCHOOL ,109.0,98.2,0.0,98.2,0.0
7,AGNES MACPHAIL PUBLIC SCHOOL ,180.0,95.6,0.0,97.8,0.0
8,ALBERT CAMPBELL COLLEGIATE INSTITUTE ,1154.0,89.2,0.3,95.0,0.3
9,ALBION HEIGHTS JUNIOR MIDDLE SCHOOL ,262.0,95.4,0.8,95.4,1.1
10,ALEXANDER MUIR/GLADSTONE AVE JUNIOR AND SENIOR PUBLIC SCHOOL ,280.0,90.4,1.8,93.6,1.8
11,ALEXANDER STIRLING PUBLIC SCHOOL ,229.0,84.7,0.9,91.3,0.9
12,ALEXMUIR JUNIOR PUBLIC SCHOOL ,179.0,91.6,0.6,95.5,0.6
13,ALL SAINTS CATHOLIC SCHOOL ,559.0,93.7,3.6,94.6,3.6
14,ALLENBY JUNIOR PUBLIC SCHOOL ,409.0,90.2,2.2,94.9,2.2
15,ALPHA ALTERNATIVE JUNIOR SCHOOL ,36.0,69.4,27.8,69.4,27.8
16,ALPHA II ALTERNATIVE SCHOOL ,19.0,57.9,21.1,68.4,21.1
17,ALTERNATIVE SCARBOROUGH EDUCATION 1 ,70.0,87.1,1.4,97.1,0.0
18,ALVIN CURLING PUBLIC SCHOOL ,317.0,94.6,1.3,96.2,1.3
19,AMESBURY MIDDLE SCHOOL ,268.0,88.4,1.1,93.3,1.1
20,ANCASTER PUBLIC SCHOOL ,48.0,97.9,0.0,95.8,0.0
21,ANNETTE STREET JUNIOR AND SENIOR PUBLIC SCHOOL ,335.0,90.7,2.4,93.1,2.4
22,ANNUNCIATION CATHOLIC SCHOOL ,216.0,93.1,2.3,93.1,2.3
23,ANSON PARK PUBLIC SCHOOL ,131.0,92.4,0.8,92.4,0.8
24,ANSON S TAYLOR JUNIOR PUBLIC SCHOOL ,103.0,97.1,0.0,98.1,0.0
25,ARBOR GLEN PUBLIC SCHOOL ,138.0,97.8,1.4,97.1,1.4
26,ARMOUR HEIGHTS PUBLIC SCHOOL ,144.0,94.4,3.5,92.4,3.5
27,AVONDALE ALTERNATIVE ELEMENTARY SCHOOL ,80.0,90.0,6.3,92.5,6.3
28,AVONDALE PUBLIC SCHOOL ,195.0,91.3,1.5,91.8,1.5
29,AVONDALE SECONDARY ALTERNATIVE SCHOOL ,49.0,69.4,2.0,91.8,2.0
30,BALA AVENUE COMMUNITY SCHOOL ,108.0,93.5,0.0,96.3,0.0
31,BALMY BEACH COMMUNITY SCHOOL ,207.0,94.2,3.4,96.6,3.4
32,BANNOCKBURN SCHOOL ,43.0,79.1,2.3,90.7,2.3
33,BANTING AND BEST PUBLIC SCHOOL ,186.0,91.9,0.0,93.0,0.0
34,BAYCREST PUBLIC SCHOOL ,61.0,91.8,4.9,90.2,4.9
35,BAYVIEW MIDDLE SCHOOL ,453.0,90.3,0.4,90.3,0.4
36,BEACHES ALTERNATIVE JUNIOR SCHOOL ,34.0,82.4,17.6,82.4,17.6
37,BEAUMONDE HEIGHTS JUNIOR MIDDLE SCHOOL ,378.0,92.6,0.3,93.4,0.3
38,BEDFORD PARK PUBLIC SCHOOL ,474.0,91.4,2.3,93.9,2.3
39,BELLMERE JUNIOR PUBLIC SCHOOL ,193.0,89.1,1.0,88.1,1.0
40,BEN HEPPNER VOCAL MUSIC ACADEMY ,45.0,84.4,11.1,84.4,11.1
41,BENDALE BUSINESS & TECHNICAL INSTITUTE ,324.0,88.6,2.5,96.3,2.5
42,BENDALE JUNIOR PUBLIC SCHOOL ,188.0,94.7,0.0,93.1,0.0
43,BENNINGTON HEIGHTS ELEMENTARY SCHOOL ,105.0,98.1,1.0,98.1,1.0
44,BERNER TRAIL JUNIOR PUBLIC SCHOOL ,129.0,96.1,0.0,97.7,0.0
45,BESSBOROUGH DRIVE ELEMENTARY AND MIDDLE SCHOOL ,381.0,90.8,1.8,94.5,1.8
46,BEVERLEY HEIGHTS MIDDLE SCHOOL ,433.0,88.2,1.6,91.5,1.6
47,BEVERLEY SCHOOL ,55.0,87.3,3.6,89.1,3.6
48,BEVERLY GLEN JUNIOR PUBLIC SCHOOL ,235.0,96.6,1.3,97.0,1.3
49,BIRCH CLIFF HEIGHTS PUBLIC SCHOOL ,163.0,95.7,0.6,97.5,0.6
50,BIRCH CLIFF PUBLIC SCHOOL ,224.0,91.5,1.8,94.6,1.8
51,BIRCHMOUNT PARK COLLEGIATE INSTITUTE ,886.0,87.2,0.9,94.7,0.9
52,BISHOP ALLEN ACADEMY CATHOLIC SECONDARY SCHOOL ,1583.0,88.3,2.5,94.4,2.4
53,BISHOP MARROCCO/THOMAS MERTON CATHOLIC SECONDARY SCHOOL ,714.0,87.5,0.7,93.1,0.7
54,BLACKSMITH PUBLIC SCHOOL ,67.0,94.0,1.5,94.0,1.5
55,BLAKE STREET JUNIOR PUBLIC SCHOOL ,134.0,94.8,2.2,96.3,2.2
56,BLANTYRE PUBLIC SCHOOL ,157.0,91.7,3.2,93.6,3.2
57,BLAYDON PUBLIC SCHOOL ,73.0,98.6,1.4,95.9,1.4
58,BLESSED ARCHBISHOP ROMERO CATHOLIC SECONDARY SCHOOL ,698.0,89.1,0.3,95.1,0.3
59,BLESSED CARDINAL NEWMAN CATHOLIC SCHOOL ,996.0,88.7,1.1,96.4,1.0
60,BLESSED MARGHERITA OF CITTA CASTELLO CATHOLIC SCHOOL ,209.0,98.1,0.5,98.6,0.5
61,BLESSED PIER GIORGIO FRASSATI CATHOLIC SCHOOL ,189.0,97.9,1.1,96.8,1.1
62,BLESSED POPE PAUL VI CATHOLIC SCHOOL ,196.0,92.9,0.0,94.4,0.0
63,BLESSED SACRAMENT CATHOLIC SCHOOL ,343.0,92.1,2.9,92.7,2.9
64,BLESSED TRINITY CATHOLIC SCHOOL ,137.0,90.5,2.2,93.4,2.2
65,BLISS CARMAN SENIOR PUBLIC SCHOOL ,283.0,91.2,1.8,92.6,1.8
66,BLOOR COLLEGIATE INSTITUTE ,846.0,90.4,2.1,95.6,2.1
67,BLOORDALE MIDDLE SCHOOL ,370.0,88.4,2.4,93.2,2.4
68,BLOORLEA MIDDLE SCHOOL ,286.0,93.7,2.4,95.8,2.4
69,BLYTHWOOD JUNIOR PUBLIC SCHOOL ,223.0,95.1,2.7,94.6,2.2
70,BOWMORE ROAD JUNIOR AND SENIOR PUBLIC SCHOOL ,607.0,94.2,3.3,95.7,3.1
71,BOYS' LEADERSHIP ACADEMY ,47.0,93.6,0.0,93.6,0.0
72,BRAEBURN JUNIOR SCHOOL ,69.0,95.7,0.0,92.8,0.0
73,BRIAN PUBLIC SCHOOL ,155.0,91.0,2.6,89.7,2.6
74,BRIARCREST JUNIOR SCHOOL ,162.0,92.0,3.7,92.6,3.1
75,BRIDLEWOOD JUNIOR PUBLIC SCHOOL ,120.0,96.7,2.5,95.0,2.5
76,BRIMWOOD BOULEVARD JUNIOR PUBLIC SCHOOL ,186.0,91.4,0.5,96.2,0.5
77,BROADACRES JUNIOR PUBLIC SCHOOL ,202.0,92.6,3.5,92.6,3.5
78,BROADLANDS PUBLIC SCHOOL ,248.0,92.7,5.2,92.7,5.2
79,BROCK PUBLIC SCHOOL ,177.0,85.3,3.4,90.4,3.4
80,BROOKHAVEN PUBLIC SCHOOL ,152.0,88.2,1.3,94.1,1.3
81,BROOKMILL BOULEVARD JUNIOR PUBLIC SCHOOL ,120.0,94.2,0.0,95.8,0.0
82,BROOKSIDE PUBLIC SCHOOL ,456.0,96.9,0.2,98.0,0.2
83,BROOKVIEW MIDDLE SCHOOL ,423.0,90.8,0.5,93.9,0.5
84,BROWN JUNIOR PUBLIC SCHOOL ,283.0,83.4,2.1,87.3,2.1
85,BRUCE JUNIOR PUBLIC SCHOOL ,107.0,94.4,1.9,93.5,1.9
86,BUCHANAN PUBLIC SCHOOL ,204.0,93.6,2.5,94.1,2.5
87,BURROWS HALL JUNIOR PUBLIC SCHOOL ,112.0,94.6,0.9,93.8,0.9
88,C D FARQUHARSON JUNIOR PUBLIC SCHOOL ,185.0,93.0,0.0,94.1,0.0
89,C R MARCHANT MIDDLE SCHOOL ,422.0,87.7,1.4,89.1,1.4
90,C W JEFFERYS COLLEGIATE INSTITUTE ,776.0,85.4,1.0,91.1,1.0
91,CALC SECONDARY SCHOOL ,201.0,66.7,0.0,76.6,0.0
92,CALICO PUBLIC SCHOOL ,147.0,76.2,3.4,78.2,3.4
93,CAMERON PUBLIC SCHOOL ,135.0,95.6,2.2,95.6,2.2
94,CANADIAN MARTYRS CATHOLIC SCHOOL ,196.0,94.4,0.0,95.9,0.0
95,CARDINAL CARTER ACADEMY FOR THE ARTS ,808.0,86.3,2.6,95.9,2.7
96,CARDINAL LEGER CATHOLIC SCHOOL ,193.0,96.9,0.5,97.9,0.5
97,CARLETON VILLAGE JUNIOR AND SENIOR PUBLIC SCHOOL ,180.0,83.3,2.2,86.1,2.2
98,CASSANDRA PUBLIC SCHOOL ,137.0,95.6,0.7,95.6,0.7
99,CEDAR DRIVE JUNIOR PUBLIC SCHOOL ,343.0,96.2,0.6,95.9,0.6
100,CEDARBRAE COLLEGIATE INSTITUTE ,1101.0,86.1,1.2,94.6,1.1
101,CEDARBROOK PUBLIC SCHOOL ,367.0,91.8,1.4,94.3,1.4
102,CEDARVALE COMMUNITY SCHOOL ,256.0,95.3,2.3,96.5,2.3
103,CENTENNIAL ROAD JUNIOR PUBLIC SCHOOL ,138.0,94.2,2.9,96.4,2.9
104,CENTRAL ETOBICOKE HIGH SCHOOL ,104.0,81.7,7.7,91.3,7.7
105,CENTRAL TECHNICAL SCHOOL ,959.0,83.1,2.7,90.1,2.5
106,CENTRAL TORONTO ACADEMY ,587.0,78.4,3.4,84.2,3.4
107,CHALKFARM PUBLIC SCHOOL ,109.0,86.2,1.8,87.2,1.8
108,CHAMINADE COLLEGE SCHOOL ,922.0,92.7,1.0,98.2,1.0
109,CHARLES E WEBSTER PUBLIC SCHOOL ,263.0,91.3,0.8,90.9,0.8
110,CHARLES G FRASER JUNIOR PUBLIC SCHOOL ,107.0,89.7,2.8,93.5,2.8
111,CHARLES GORDON SENIOR PUBLIC SCHOOL ,330.0,89.1,2.1,90.3,2.1
112,CHARLES H BEST MIDDLE SCHOOL ,356.0,87.6,1.7,89.3,1.7
113,CHARLES-SAURIOL ,147.0,92.5,0.0,93.2,0.0
114,CHARLOTTETOWN JUNIOR PUBLIC SCHOOL ,210.0,90.0,5.7,91.9,5.7
115,CHARTLAND JUNIOR PUBLIC SCHOOL ,91.0,100.0,0.0,100.0,0.0
116,CHEROKEE PUBLIC SCHOOL ,88.0,92.0,4.5,90.9,4.5
117,CHESTER ELEMENTARY SCHOOL ,218.0,91.7,2.3,94.0,2.3
118,CHESTER LE JUNIOR PUBLIC SCHOOL ,70.0,87.1,7.1,90.0,7.1
119,CHIEF DAN GEORGE PUBLIC SCHOOL ,201.0,91.0,1.0,94.0,1.0
120,CHILDREN'S GARDEN JUNIOR SCHOOL ,59.0,52.5,8.5,64.4,8.5
121,CHINE DRIVE PUBLIC SCHOOL ,92.0,93.5,5.4,93.5,5.4
122,CHURCH STREET JUNIOR PUBLIC SCHOOL ,145.0,91.0,1.4,90.3,1.4
123,CHURCHILL HEIGHTS PUBLIC SCHOOL ,278.0,96.0,0.7,95.7,0.7
124,CHURCHILL PUBLIC SCHOOL ,165.0,90.3,2.4,93.3,2.4
125,CITY SCHOOL ,104.0,77.9,8.7,89.4,8.7
126,CITY VIEW ALTERNATIVE SENIOR SCHOOL ,54.0,77.8,20.4,77.8,20.4
127,CLAIREVILLE JUNIOR SCHOOL ,119.0,92.4,0.8,91.6,0.8
128,CLAIRLEA PUBLIC SCHOOL ,359.0,93.6,1.9,95.3,1.9
129,CLAUDE WATSON SCHOOL FOR THE ARTS ,300.0,95.3,3.0,96.7,3.0
130,CLIFFSIDE PUBLIC SCHOOL ,134.0,98.5,0.0,97.8,0.0
131,CLIFFWOOD PUBLIC SCHOOL ,142.0,97.9,1.4,97.2,1.4
132,CLINTON STREET JUNIOR PUBLIC SCHOOL ,234.0,88.0,3.4,91.5,3.0
133,COLLÈGE FRANÇAIS ÉLÉMENTAIRE ,115.0,71.3,3.5,76.5,3.5
134,COLLÈGE FRANÇAIS SECONDAIRE ,165.0,86.1,4.8,89.1,4.8
135,CONTACT ALTERNATIVE SCHOOL ,70.0,67.1,1.4,95.7,1.4
136,CORDELLA JUNIOR PUBLIC SCHOOL ,64.0,92.2,3.1,93.8,3.1
137,CORNELL JUNIOR PUBLIC SCHOOL ,375.0,97.3,0.0,97.9,0.0
138,CORVETTE JUNIOR PUBLIC SCHOOL ,273.0,92.3,0.7,94.9,0.7
139,COSBURN MIDDLE SCHOOL ,642.0,91.9,1.9,94.4,1.9
140,COTTINGHAM JUNIOR PUBLIC SCHOOL ,79.0,93.7,2.5,96.2,2.5
141,COURCELETTE PUBLIC SCHOOL ,188.0,89.4,6.4,91.5,6.4
142,CRESCENT TOWN ELEMENTARY SCHOOL ,180.0,95.6,0.6,93.9,0.6
143,CRESTHAVEN PUBLIC SCHOOL ,151.0,96.0,3.3,94.7,3.3
144,CRESTVIEW PUBLIC SCHOOL ,124.0,97.6,0.0,96.0,0.0
145,CUMMER VALLEY MIDDLE SCHOOL ,425.0,92.9,0.2,92.0,0.2
146,D A MORRISON MIDDLE SCHOOL ,426.0,86.4,2.1,91.8,2.3
147,DA VINCI SCHOOL ,34.0,55.9,44.1,55.9,44.1
148,DALLINGTON PUBLIC SCHOOL ,201.0,89.6,2.5,91.0,2.5
149,DANFORTH COLLEGIATE INSTITUTE AND TECHNICAL SCHOOL ,982.0,88.9,2.1,95.8,2.1
150,DANFORTH GARDENS PUBLIC SCHOOL ,313.0,92.3,1.0,92.3,1.0
151,DANTE ALIGHIERI ACADEMY ,841.0,86.7,0.8,92.3,0.8
152,D'ARCY MCGEE CATHOLIC SCHOOL ,178.0,97.8,0.0,97.8,0.0
153,DAVID AND MARY THOMSON COLLEGIATE INSTITUTE ,1003.0,87.9,1.2,93.2,1.2
154,DAVID HORNELL JUNIOR SCHOOL ,106.0,88.7,4.7,87.7,4.7
155,DAVID LEWIS PUBLIC SCHOOL ,302.0,91.4,0.0,92.7,0.0
156,DAVISVILLE JUNIOR PUBLIC SCHOOL ,228.0,88.2,2.2,89.9,2.2
157,DAYSTROM PUBLIC SCHOOL ,186.0,94.1,0.0,95.7,0.0
158,DEER PARK JUNIOR AND SENIOR PUBLIC SCHOOL ,355.0,85.9,3.1,87.9,3.1
159,DELPHI SECONDARY ALTERNATIVE SCHOOL ,93.0,83.9,3.2,94.6,3.2
160,DELTA SENIOR ALTERNATIVE SCHOOL ,60.0,88.3,10.0,88.3,10.0
161,DENLOW PUBLIC SCHOOL ,225.0,96.0,3.6,96.0,3.1
162,DENNIS AVENUE COMMUNITY SCHOOL ,47.0,87.2,4.3,89.4,4.3
163,DERRYDOWN PUBLIC SCHOOL ,167.0,95.8,1.8,94.6,1.8
164,DEWSON STREET JUNIOR PUBLIC SCHOOL ,243.0,88.5,6.2,90.9,6.2
165,DIEFENBAKER ELEMENTARY SCHOOL ,199.0,92.0,4.5,93.5,4.5
166,DIXON GROVE JUNIOR MIDDLE SCHOOL ,576.0,89.6,0.3,91.3,0.3
167,DON MILLS COLLEGIATE INSTITUTE ,971.0,88.6,1.9,95.0,1.9
168,DON MILLS MIDDLE SCHOOL ,410.0,90.2,2.0,93.2,2.0
169,DON VALLEY JUNIOR HIGH SCHOOL ,367.0,94.0,0.8,95.6,0.8
170,DONVIEW MIDDLE HEALTH AND WELLNESS ACADEMY ,356.0,83.7,1.7,87.4,1.7
171,DONWOOD PARK JUNIOR PUBLIC SCHOOL ,375.0,95.5,1.9,95.2,1.9
172,DORSET PARK PUBLIC SCHOOL ,151.0,94.7,0.7,94.0,0.7
173,DOVERCOURT PUBLIC SCHOOL ,248.0,89.5,2.8,91.5,2.8
174,DOWNSVIEW PUBLIC SCHOOL ,95.0,90.5,2.1,91.6,2.1
175,DOWNSVIEW SECONDARY SCHOOL ,583.0,79.9,1.7,87.0,1.7
176,DOWNTOWN ALTERNATIVE SCHOOL ,52.0,92.3,7.7,90.4,7.7
177,DOWNTOWN VOCAL MUSIC ACADEMY OF TORONTO ,47.0,87.2,6.4,89.4,6.4
178,DR MARION HILLIARD SENIOR PUBLIC SCHOOL ,274.0,93.1,1.1,93.4,1.1
179,DR NORMAN BETHUNE COLLEGIATE INSTITUTE ,969.0,91.0,0.3,97.3,0.3
180,DREWRY SECONDARY SCHOOL ,69.0,85.5,1.4,91.3,1.4
181,DRIFTWOOD PUBLIC SCHOOL ,190.0,92.6,0.0,93.7,0.0
182,DUBLIN HEIGHTS ELEMENTARY AND MIDDLE SCHOOL ,563.0,84.2,3.0,86.9,3.0
183,DUKE OF CONNAUGHT JUNIOR AND SENIOR PUBLIC SCHOOL ,633.0,96.5,3.0,96.5,3.0
184,DUNDAS JUNIOR PUBLIC SCHOOL ,150.0,93.3,2.7,92.0,2.7
185,DUNLACE PUBLIC SCHOOL ,161.0,95.0,2.5,95.7,2.5
186,EARL BEATTY JUNIOR AND SENIOR PUBLIC SCHOOL ,212.0,91.0,4.2,92.5,4.2
187,EARL GREY SENIOR PUBLIC SCHOOL ,453.0,92.9,2.4,95.8,2.4
188,EARL HAIG PUBLIC SCHOOL ,295.0,93.6,3.1,95.3,3.1
189,EARL HAIG SECONDARY SCHOOL ,1873.0,89.2,1.2,95.4,1.2
190,EAST ALTERNATIVE SCHOOL OF TORONTO ,62.0,93.5,3.2,96.8,3.2
191,EAST YORK ALTERNATIVE SECONDARY SCHOOL ,114.0,81.6,0.0,97.4,0.0
192,EAST YORK COLLEGIATE INSTITUTE ,1040.0,88.6,2.5,94.5,2.4
193,EASTDALE COLLEGIATE INSTITUTE ,116.0,81.9,0.9,93.1,0.9
194,EASTVIEW PUBLIC SCHOOL ,201.0,77.1,0.0,83.1,0.0
195,EATONVILLE JUNIOR SCHOOL ,100.0,97.0,0.0,98.0,0.0
196,ÉCOLE ÉLÉMENTAIRE ÉTIENNE-BRÛLÉ ,148.0,85.1,1.4,87.2,1.4
197,ÉCOLE ÉLÉMENTAIRE FÉLIX-LECLERC ,104.0,86.5,5.8,87.5,5.8
198,ÉCOLE ÉLÉMENTAIRE GABRIELLE-ROY ,135.0,91.1,3.7,90.4,3.7
199,ÉCOLE ÉLÉMENTAIRE JEANNE-LAJOIE ,201.0,90.5,1.0,93.0,1.0
200,ÉCOLE ÉLÉMENTAIRE LA MOSAÏQUE ,212.0,90.6,6.1,92.0,5.7
201,ÉCOLE ÉLÉMENTAIRE LAURE-RIÈSE ,124.0,89.5,2.4,87.9,2.4
202,ÉCOLE ÉLÉMENTAIRE MATHIEU-DA-COSTAI ,82.0,85.4,0.0,91.5,0.0
203,ÉCOLE ÉLÉMENTAIRE MICHELINE-SAINT-CYR ,42.0,88.1,0.0,76.2,0.0
204,ECOLE ÉLÉMENTAIRE PAUL-DEMERS ,46.0,63.0,0.0,71.7,0.0
205,ÉCOLE ÉLÉMENTAIRE PIERRE-ELLIOTT-TRUDEAU ,168.0,94.6,3.0,93.5,3.0
206,ÉCOLE ÉLÉMENTAIRE TORONTO OUEST ,164.0,83.5,3.0,87.8,3.0
207,ÉCOLE SECONDAIRE ÉTIENNE-BRÛLÉ ,280.0,87.1,2.9,93.9,2.9
208,ÉCOLE SECONDAIRE TORONTO OUEST ,169.0,87.0,3.0,92.9,3.0
209,EDGEWOOD PUBLIC SCHOOL ,102.0,96.1,0.0,96.1,0.0
210,ÉÉC DU SACRÉ-COEUR-TORONTO ,70.0,97.1,0.0,97.1,0.0
211,ÉÉC GEORGES-ÉTIENNE-CARTIER ,223.0,97.8,0.9,98.7,0.9
212,ÉÉC NOTRE-DAME-DE-GRÂCE - TORONTO ,110.0,92.7,2.7,93.6,2.7
213,ÉÉC SAINTE-MADELEINE ,148.0,95.3,0.7,95.3,0.7
214,ÉÉC SAINTE-MARGUERITE-D'YOUVILLE ,222.0,95.5,3.2,93.7,3.2
215,ÉÉC SAINT-JEAN-DE-LALANDE ,74.0,95.9,1.4,93.2,1.4
216,ÉÉC SAINT-MICHEL-TORONTO ,78.0,92.3,2.6,94.9,2.6
217,ÉÉC SAINT-NOËL-CHABANEL-TORONTO ,83.0,94.0,0.0,95.2,0.0
218,EGLINTON JUNIOR PUBLIC SCHOOL ,207.0,88.9,1.0,87.0,1.0
219,ÉIC MONSEIGNEUR-DE-CHARBONNEL ,127.0,89.8,1.6,92.1,1.6
220,ÉIC PÈRE-PHILIPPE-LAMARCHE ,112.0,92.0,0.0,94.6,0.0
221,ÉIC SAINT-FRÈRE-ANDRÉ ,110.0,88.2,4.5,93.6,4.5
222,ELIA MIDDLE SCHOOL ,297.0,89.9,0.3,93.3,0.3
223,ELIZABETH SIMCOE JUNIOR PUBLIC SCHOOL ,175.0,90.9,5.7,93.7,5.7
224,ELKHORN PUBLIC SCHOOL ,180.0,89.4,3.3,92.8,3.3
225,ELLESMERE-STATTON PUBLIC SCHOOL ,422.0,95.7,0.7,95.5,0.7
226,ELMBANK JUNIOR MIDDLE ACADEMY ,237.0,83.1,2.1,84.0,2.1
227,ELMLEA JUNIOR SCHOOL ,176.0,87.5,2.8,86.9,2.8
228,EMERY COLLEGIATE INSTITUTE ,554.0,84.5,1.1,90.4,1.1
229,EMILY CARR PUBLIC SCHOOL ,210.0,95.7,1.4,95.2,1.4
230,EPIPHANY OF OUR LORD CATHOLIC ACADEMY ,115.0,87.0,0.0,89.6,0.0
231,EQUINOX HOLISTIC ALTERNATIVE SCHOOL ,112.0,77.7,22.3,77.7,22.3
232,ERNEST PUBLIC SCHOOL ,55.0,98.2,1.8,96.4,1.8
233,ÉSC MONSEIGNEUR-DE-CHARBONNEL ,199.0,83.4,2.5,92.5,2.5
234,ÉSC PÈRE-PHILIPPE-LAMARCHE ,77.0,90.9,0.0,96.1,0.0
235,ÉSC SAINT-FRÈRE-ANDRÉ ,185.0,83.8,2.7,92.4,2.7
236,ESSEX JUNIOR AND SENIOR PUBLIC SCHOOL ,176.0,88.1,4.0,90.9,4.0
237,ÉTIENNE BRÛLÉ JUNIOR SCHOOL ,76.0,97.4,2.6,96.1,2.6
238,ETOBICOKE COLLEGIATE INSTITUTE ,1004.0,88.4,2.0,95.7,2.0
239,ETOBICOKE SCHOOL OF THE ARTS ,939.0,82.5,4.8,93.1,4.8
240,ETOBICOKE YEAR ROUND ALTERNATIVE CENTRE ,36.0,83.3,2.8,97.2,2.8
241,F H MILLER JUNIOR PUBLIC SCHOOL ,61.0,93.4,1.6,93.4,1.6
242,FAIRBANK JUNIOR AND MIDDLE SCHOOL ,217.0,92.2,2.8,93.1,2.8
243,FAIRBANK MEMORIAL COMMUNITY SCHOOL ,53.0,94.3,0.0,96.2,0.0
244,FAIRGLEN JUNIOR PUBLIC SCHOOL ,215.0,98.1,0.0,98.6,0.0
245,FAIRMOUNT PUBLIC SCHOOL ,281.0,88.3,1.1,92.2,1.1
246,FATHER HENRY CARR CATHOLIC SECONDARY SCHOOL ,917.0,86.8,0.8,93.5,0.8
247,FATHER JOHN REDMOND CATHOLIC SECONDARY SCHOOL ,1229.0,84.5,3.3,93.1,3.3
248,FATHER SERRA CATHOLIC SCHOOL ,332.0,93.7,3.0,95.5,3.0
249,FAYWOOD ARTS-BASED CURRICULUM SCHOOL ,274.0,90.5,4.4,89.4,4.4
250,FENSIDE PUBLIC SCHOOL ,94.0,91.5,1.1,92.6,1.1
251,FERN AVENUE JUNIOR AND SENIOR PUBLIC SCHOOL ,485.0,94.8,2.9,96.7,2.9
252,FINCH PUBLIC SCHOOL ,105.0,91.4,3.8,92.4,3.8
253,FIRGROVE PUBLIC SCHOOL ,151.0,89.4,0.0,91.4,0.0
254,FIRST NATIONS SCHOOL OF TORONTO ,130.0,69.2,9.2,74.6,10.0
255,FISHERVILLE SENIOR PUBLIC SCHOOL ,160.0,95.6,0.6,91.3,0.6
256,FLEMING PUBLIC SCHOOL ,174.0,95.4,0.0,98.3,0.0
257,FLEMINGTON PUBLIC SCHOOL ,101.0,91.1,0.0,89.1,0.0
258,FOREST HILL COLLEGIATE INSTITUTE ,954.0,89.1,1.7,95.0,1.7
259,FOREST HILL JUNIOR AND SENIOR PUBLIC SCHOOL ,650.0,88.6,1.7,90.2,1.7
260,FOREST MANOR PUBLIC SCHOOL ,302.0,86.4,0.3,87.7,0.3
261,FRANCIS LIBERMANN CATHOLIC HIGH SCHOOL ,906.0,89.0,0.8,94.9,0.8
262,FRANK OKE SECONDARY SCHOOL ,79.0,84.8,2.5,97.5,2.5
263,FRANKLAND COMMUNITY SCHOOL ,187.0,89.3,4.3,91.4,4.3
264,GALLOWAY ROAD PUBLIC SCHOOL ,134.0,89.6,1.5,94.0,1.5
265,GARDEN AVENUE JUNIOR PUBLIC SCHOOL ,130.0,94.6,1.5,95.4,1.5
266,GATEWAY PUBLIC SCHOOL ,411.0,83.2,1.2,86.9,1.2
267,GENERAL BROCK PUBLIC SCHOOL ,243.0,90.5,1.2,88.9,1.2
268,GENERAL CRERAR PUBLIC SCHOOL ,248.0,88.3,2.4,91.5,2.4
269,GENERAL MERCER JUNIOR PUBLIC SCHOOL ,108.0,89.8,3.7,89.8,3.7
270,GEORGE ANDERSON PUBLIC SCHOOL ,66.0,98.5,0.0,97.0,0.0
271,GEORGE B LITTLE PUBLIC SCHOOL ,260.0,90.0,0.0,93.5,0.0
272,GEORGE HARVEY COLLEGIATE INSTITUTE ,488.0,78.9,0.6,83.6,0.6
273,GEORGE P MACKIE JUNIOR PUBLIC SCHOOL ,68.0,92.6,5.9,92.6,5.9
274,GEORGE PECK PUBLIC SCHOOL ,162.0,95.7,1.2,96.3,0.6
275,GEORGE R GAULD JUNIOR SCHOOL ,52.0,92.3,0.0,96.2,0.0
276,GEORGE S HENRY ACADEMY ,373.0,84.2,1.1,90.1,1.1
277,GEORGE SYME COMMUNITY SCHOOL ,162.0,85.2,2.5,88.9,2.5
278,GEORGE WEBSTER ELEMENTARY SCHOOL ,500.0,90.8,0.8,90.2,0.8
279,GEORGES VANIER SECONDARY SCHOOL ,850.0,77.1,0.4,81.8,0.4
280,GIVINS/SHAW JUNIOR PUBLIC SCHOOL ,155.0,88.4,3.9,89.0,3.9
281,GLAMORGAN JUNIOR PUBLIC SCHOOL ,257.0,91.4,0.0,96.5,0.0
282,GLEDHILL JUNIOR PUBLIC SCHOOL ,186.0,90.3,3.8,93.0,3.8
283,GLEN AMES SENIOR PUBLIC SCHOOL ,416.0,95.2,1.7,97.4,1.7
284,GLEN PARK PUBLIC SCHOOL ,254.0,90.9,3.1,94.1,3.1
285,GLEN RAVINE JUNIOR PUBLIC SCHOOL ,151.0,96.7,0.7,96.7,0.7
286,GLENVIEW SENIOR PUBLIC SCHOOL ,770.0,94.7,1.0,95.6,1.0
287,GOLF ROAD JUNIOR PUBLIC SCHOOL ,151.0,94.0,0.0,96.7,0.0
288,GORDON A BROWN MIDDLE SCHOOL ,372.0,86.3,3.8,88.7,3.8
289,GOSFORD PUBLIC SCHOOL ,111.0,90.1,0.0,94.6,0.0
290,GRACEDALE PUBLIC SCHOOL ,278.0,92.1,1.1,93.5,1.1
291,GRACEFIELD PUBLIC SCHOOL ,102.0,92.2,0.0,94.1,0.0
292,GREENHOLME JUNIOR MIDDLE SCHOOL ,213.0,89.2,0.0,91.1,0.0
293,GREENLAND PUBLIC SCHOOL ,53.0,94.3,3.8,94.3,3.8
294,GREENWOOD SECONDARY SCHOOL ,147.0,62.6,0.0,61.2,0.0
295,GRENOBLE PUBLIC SCHOOL ,509.0,85.7,0.6,87.8,0.6
296,GREY OWL JUNIOR PUBLIC SCHOOL ,115.0,89.6,2.6,91.3,2.6
297,GUILDWOOD JUNIOR PUBLIC SCHOOL ,58.0,89.7,8.6,89.7,8.6
298,GULFSTREAM PUBLIC SCHOOL ,371.0,90.3,1.3,93.3,1.3
299,H A HALBERT JUNIOR PUBLIC SCHOOL ,114.0,92.1,0.9,94.7,0.9
300,H J ALEXANDER COMMUNITY SCHOOL ,236.0,87.7,1.3,91.1,1.3
301,HARBORD COLLEGIATE INSTITUTE ,1016.0,87.6,3.1,95.9,3.1
302,HARRISON PUBLIC SCHOOL ,75.0,98.7,1.3,96.0,1.3
303,HARWOOD PUBLIC SCHOOL ,117.0,94.9,0.9,96.6,0.9
304,HAVERGAL JUNIOR SCHOOL,288.0,80.9,0.3,92.0,0.3
305,HAWTHORNE II BILINGUAL ALTERNATIVE JUNIOR SCHOOL ,94.0,95.7,4.3,94.7,4.3
306,HEATHER HEIGHTS JUNIOR PUBLIC SCHOOL ,89.0,98.9,0.0,97.8,0.0
307,HENRY HUDSON SENIOR PUBLIC SCHOOL ,287.0,96.2,0.7,96.2,0.7
308,HENRY KELSEY SENIOR PUBLIC SCHOOL ,298.0,96.6,0.3,96.6,0.3
309,HERITAGE PARK PUBLIC SCHOOL ,190.0,93.7,0.5,93.7,0.5
310,HEYDON PARK SECONDARY SCHOOL ,116.0,83.6,1.7,97.4,1.7
311,HIGH PARK ALTERNATIVE SCHOOL JUNIOR ,76.0,84.2,15.8,84.2,15.8
312,HIGHCASTLE PUBLIC SCHOOL ,198.0,89.4,0.5,92.4,0.5
313,HIGHFIELD JUNIOR SCHOOL ,290.0,95.9,0.3,96.6,0.3
314,HIGHLAND CREEK PUBLIC SCHOOL ,127.0,98.4,0.8,98.4,0.8
315,HIGHLAND HEIGHTS JUNIOR PUBLIC SCHOOL ,94.0,96.8,1.1,95.7,1.1
316,HIGHLAND JUNIOR HIGH SCHOOL ,486.0,94.4,1.0,95.9,1.0
317,HIGHVIEW PUBLIC SCHOOL ,70.0,94.3,0.0,97.1,0.0
318,HILLCREST COMMUNITY SCHOOL ,185.0,88.1,3.2,89.7,3.2
319,HILLMOUNT PUBLIC SCHOOL ,89.0,96.6,0.0,97.8,0.0
320,HILLTOP MIDDLE SCHOOL ,561.0,91.4,2.9,93.6,2.9
321,HODGSON SENIOR PUBLIC SCHOOL ,533.0,87.6,2.1,90.2,2.1
322,HOLLYCREST MIDDLE SCHOOL ,475.0,88.6,2.7,92.8,2.7
323,HOLLYWOOD PUBLIC SCHOOL ,180.0,92.8,1.1,91.7,1.1
324,HOLY ANGELS CATHOLIC SCHOOL ,302.0,93.4,2.3,94.0,2.3
325,HOLY CHILD CATHOLIC SCHOOL ,206.0,92.2,0.0,92.2,0.0
326,HOLY CROSS CATHOLIC SCHOOL ,202.0,93.6,1.0,91.6,1.0
327,HOLY FAMILY CATHOLIC SCHOOL ,138.0,88.4,1.4,92.0,1.4
328,HOLY NAME CATHOLIC SCHOOL ,203.0,96.1,1.5,97.0,1.5
329,HOLY ROSARY CATHOLIC SCHOOL ,152.0,93.4,1.3,91.4,1.3
330,HOLY SPIRIT CATHOLIC SCHOOL ,264.0,91.7,0.0,90.5,0.0
331,HORIZON ALTERNATIVE SENIOR SCHOOL ,67.0,91.0,7.5,91.0,7.5
332,HOWARD JUNIOR PUBLIC SCHOOL ,267.0,87.6,4.9,88.4,4.9
333,HUMBER SUMMIT MIDDLE SCHOOL ,458.0,82.3,0.9,87.1,0.9
334,HUMBER VALLEY VILLAGE JUNIOR MIDDLE SCHOOL ,252.0,88.1,6.0,88.9,6.0
335,HUMBERCREST PUBLIC SCHOOL ,430.0,95.3,2.8,96.0,2.8
336,HUMBERSIDE COLLEGIATE INSTITUTE ,1212.0,88.0,2.7,96.2,2.7
337,HUMBERWOOD DOWNS JUNIOR MIDDLE ACADEMY ,469.0,97.0,0.4,97.2,0.4
338,HUMEWOOD COMMUNITY SCHOOL ,331.0,89.7,4.2,91.8,4.2
339,HUNTER'S GLEN JUNIOR PUBLIC SCHOOL ,256.0,93.4,0.8,95.7,0.8
340,HURON STREET JUNIOR PUBLIC SCHOOL ,163.0,89.6,4.9,93.3,4.9
341,IMMACULATE CONCEPTION CATHOLIC SCHOOL ,298.0,96.0,0.0,96.3,0.0
342,IMMACULATE HEART OF MARY CATHOLIC SCHOOL ,105.0,96.2,0.0,95.2,0.0
343,INDIAN ROAD CRESCENT JUNIOR PUBLIC SCHOOL ,174.0,89.1,5.2,90.8,5.2
344,INGLENOOK COMMUNITY SCHOOL ,72.0,77.8,6.9,90.3,8.3
345,INGLEWOOD HEIGHTS JUNIOR PUBLIC SCHOOL ,109.0,95.4,0.9,96.3,0.9
346,IONVIEW PUBLIC SCHOOL ,219.0,87.2,0.0,91.3,0.0
347,IROQUOIS JUNIOR PUBLIC SCHOOL ,217.0,97.2,0.0,99.1,0.0
348,ISLAND PUBLIC/NATURAL SCIENCE SCHOOL ,112.0,94.6,3.6,94.6,3.6
349,ISLINGTON JUNIOR MIDDLE SCHOOL ,278.0,83.5,1.4,89.9,1.4
350,J B TYRRELL SENIOR PUBLIC SCHOOL ,416.0,97.4,1.0,97.8,1.2
351,J G WORKMAN PUBLIC SCHOOL ,126.0,98.4,0.0,98.4,0.0
352,J R WILCOX COMMUNITY SCHOOL ,152.0,94.7,2.6,93.4,2.6
353,JACK MINER SENIOR PUBLIC SCHOOL ,197.0,98.5,1.0,98.0,1.0
354,JACKMAN AVENUE JUNIOR PUBLIC SCHOOL ,315.0,88.6,4.8,90.5,5.1
355,JAMES CARDINAL MCGUIGAN CATHOLIC HIGH SCHOOL ,851.0,83.2,0.4,89.0,0.4
356,JAMES CULNAN CATHOLIC SCHOOL ,275.0,96.4,0.4,97.5,0.4
357,JAMES S BELL JUNIOR MIDDLE SCHOOL ,283.0,92.9,4.6,91.2,4.6
358,JARVIS COLLEGIATE INSTITUTE ,660.0,88.0,0.9,93.9,0.8
359,JEAN VANIER CATHOLIC SECONDARY SCHOOL ,860.0,88.7,0.5,92.4,0.3
360,JESSE KETCHUM JUNIOR AND SENIOR PUBLIC SCHOOL ,304.0,79.9,3.3,83.9,3.3
361,JOHN A LESLIE PUBLIC SCHOOL ,335.0,93.1,0.0,95.8,0.0
362,JOHN BUCHAN SENIOR PUBLIC SCHOOL ,185.0,93.0,0.0,91.4,0.0
363,JOHN D PARKER JUNIOR SCHOOL ,193.0,91.2,0.5,92.2,0.5
364,JOHN ENGLISH JUNIOR MIDDLE SCHOOL ,626.0,94.2,4.0,94.7,4.0
365,JOHN FISHER JUNIOR PUBLIC SCHOOL ,220.0,93.2,4.1,94.1,4.1
366,JOHN G ALTHOUSE MIDDLE SCHOOL ,482.0,90.2,2.7,91.9,2.7
367,JOHN G DIEFENBAKER PUBLIC SCHOOL ,145.0,93.8,3.4,95.2,3.4
368,JOHN MCCRAE PUBLIC SCHOOL ,352.0,93.5,1.4,96.0,1.4
369,JOHN POLANYI COLLEGIATE INSTITUTE ,871.0,78.3,1.5,84.4,1.4
370,JOHN ROSS ROBERTSON JUNIOR PUBLIC SCHOOL ,308.0,90.3,2.6,93.2,2.6
371,JOHN WANLESS JUNIOR PUBLIC SCHOOL ,346.0,94.5,0.9,96.2,0.9
372,JOSEPH BRANT SENIOR PUBLIC SCHOOL ,397.0,88.4,1.0,92.2,1.0
373,JOSEPH HOWE SENIOR PUBLIC SCHOOL ,393.0,96.2,1.5,96.2,1.5
374,JOSYF CARDINAL SLIPYJ CATHOLIC SCHOOL ,357.0,86.6,8.4,86.8,8.4
375,JOYCE PUBLIC SCHOOL ,121.0,93.4,0.0,95.0,0.0
376,KAREN KAIN SCHOOL OF THE ARTS ,172.0,89.0,8.1,90.7,8.1
377,KEELE STREET JUNIOR PUBLIC SCHOOL ,295.0,84.7,4.7,87.5,4.7
378,KEELESDALE JUNIOR PUBLIC SCHOOL ,62.0,93.5,0.0,96.8,0.0
379,KENNEDY PUBLIC SCHOOL ,352.0,97.2,0.0,97.2,0.0
380,KENSINGTON COMMUNITY SCHOOL ,82.0,95.1,3.7,93.9,3.7
381,KEW BEACH JUNIOR PUBLIC SCHOOL ,238.0,92.4,2.9,94.1,2.9
382,KIMBERLEY JUNIOR PUBLIC SCHOOL ,141.0,98.6,0.0,99.3,0.0
383,KING EDWARD JUNIOR AND SENIOR PUBLIC SCHOOL ,474.0,92.0,2.7,92.0,2.7
384,KING GEORGE JUNIOR PUBLIC SCHOOL ,93.0,94.6,3.2,96.8,3.2
385,KINGSLAKE PUBLIC SCHOOL ,103.0,92.2,2.9,93.2,2.9
386,KINGSVIEW VILLAGE JUNIOR SCHOOL ,198.0,81.8,1.0,85.9,1.0
387,KIPLING COLLEGIATE INSTITUTE ,449.0,80.6,0.2,89.1,0.2
388,KNOB HILL PUBLIC SCHOOL ,314.0,84.4,0.0,86.3,0.0
389,LAKESHORE COLLEGIATE INSTITUTE ,640.0,82.7,2.8,93.3,2.8
390,LAMBERTON PUBLIC SCHOOL ,137.0,79.6,0.0,86.1,0.0
391,LAMBTON KINGSWAY JUNIOR MIDDLE SCHOOL ,401.0,93.8,3.7,95.3,3.2
392,LAMBTON PARK COMMUNITY SCHOOL ,56.0,82.1,0.0,85.7,0.0
393,L'AMOREAUX COLLEGIATE INSTITUTE ,495.0,83.0,1.6,89.7,1.6
394,LANOR JUNIOR MIDDLE SCHOOL ,199.0,91.0,4.0,92.5,4.0
395,LAWRENCE HEIGHTS MIDDLE SCHOOL ,148.0,93.9,2.0,93.9,2.0
396,LAWRENCE PARK COLLEGIATE INSTITUTE ,1192.0,89.0,2.4,96.8,2.3
397,LEASIDE HIGH SCHOOL ,969.0,89.5,1.8,97.6,1.8
398,LEDBURY PARK ELEMENTARY AND MIDDLE SCHOOL ,339.0,90.0,1.2,92.0,1.2
399,LESCON PUBLIC SCHOOL ,84.0,89.3,2.4,90.5,2.4
400,LESLIEVILLE JUNIOR PUBLIC SCHOOL ,182.0,89.6,1.1,93.4,1.1
401,LESTER B PEARSON COLLEGIATE INSTITUTE ,1334.0,90.2,0.9,97.5,0.9
402,LESTER B PEARSON ELEMENTARY SCHOOL ,324.0,95.1,2.5,97.2,2.5
403,LILLIAN PUBLIC SCHOOL ,99.0,98.0,0.0,97.0,0.0
404,LORD DUFFERIN JUNIOR AND SENIOR PUBLIC SCHOOL ,275.0,90.5,0.4,92.4,0.4
405,LORD LANSDOWNE JUNIOR PUBLIC SCHOOL ,128.0,93.8,3.9,94.5,3.9
406,LORD ROBERTS JUNIOR PUBLIC SCHOOL ,205.0,88.8,0.5,91.2,0.5
407,LORETTO ABBEY CATHOLIC SECONDARY SCHOOL ,938.0,89.3,1.7,96.9,1.6
408,LORETTO COLLEGE SCHOOL ,444.0,91.2,0.5,97.7,0.5
409,LUCY MAUD MONTGOMERY PUBLIC SCHOOL ,124.0,98.4,0.0,99.2,0.0
410,LUCY MCCORMICK SENIOR SCHOOL ,57.0,33.3,5.3,80.7,5.3
411,LYNNGATE JUNIOR PUBLIC SCHOOL ,86.0,96.5,3.5,95.3,3.5
412,LYNNWOOD HEIGHTS JUNIOR PUBLIC SCHOOL ,82.0,93.9,2.4,89.0,2.4
413,MACKLIN PUBLIC SCHOOL ,279.0,91.8,0.4,92.1,0.4
414,MADONNA CATHOLIC SECONDARY SCHOOL ,676.0,87.9,0.1,93.0,0.1
415,MALVERN COLLEGIATE INSTITUTE ,1114.0,88.4,3.2,96.1,3.2
416,MALVERN JUNIOR PUBLIC SCHOOL ,197.0,87.8,1.0,92.4,1.0
417,MANHATTAN PARK JUNIOR PUBLIC SCHOOL ,47.0,93.6,4.3,93.6,4.3
418,MAPLE LEAF PUBLIC SCHOOL ,140.0,86.4,5.0,89.3,5.0
419,MAPLEWOOD HIGH SCHOOL ,112.0,88.4,4.5,95.5,3.6
420,MARC GARNEAU COLLEGIATE INSTITUTE ,1701.0,85.7,0.6,93.2,0.6
421,MARKET LANE JUNIOR AND SENIOR PUBLIC SCHOOL ,170.0,90.6,1.8,90.0,1.8
422,MARSHALL MCLUHAN CATHOLIC SECONDARY SCHOOL ,1087.0,90.6,0.6,96.5,0.6
423,MARTINGROVE COLLEGIATE INSTITUTE ,1111.0,89.9,0.9,96.2,0.9
424,MARY SHADD PUBLIC SCHOOL ,262.0,91.2,0.4,93.9,0.4
425,MARY WARD CATHOLIC SECONDARY SCHOOL ,1041.0,90.8,1.2,96.3,1.2
426,MARYVALE PUBLIC SCHOOL ,156.0,87.2,2.6,92.3,1.9
427,MASON ROAD JUNIOR PUBLIC SCHOOL ,175.0,86.9,0.6,89.7,0.6
428,MAURICE CODY JUNIOR PUBLIC SCHOOL ,268.0,94.8,1.5,96.6,1.5
429,MCKEE PUBLIC SCHOOL ,308.0,93.5,0.3,92.2,0.3
430,MCMURRICH JUNIOR PUBLIC SCHOOL ,288.0,89.6,4.2,90.3,4.2
431,MEADOWVALE PUBLIC SCHOOL ,152.0,91.4,2.0,92.8,2.0
432,MELODY VILLAGE JUNIOR SCHOOL ,88.0,97.7,0.0,96.6,0.0
433,MICHAEL POWER/ST JOSEPH HIGH SCHOOL ,1887.0,88.1,2.0,94.8,2.0
434,MILITARY TRAIL PUBLIC SCHOOL ,282.0,75.9,0.7,85.5,0.7
435,MILL VALLEY JUNIOR SCHOOL ,60.0,90.0,10.0,90.0,10.0
436,MILLIKEN PUBLIC SCHOOL ,159.0,95.6,1.3,95.0,1.3
437,MILLWOOD JUNIOR SCHOOL ,185.0,96.8,1.1,96.8,1.1
438,MILNE VALLEY MIDDLE SCHOOL ,580.0,92.6,1.6,93.3,1.6
439,MONARCH PARK COLLEGIATE INSTITUTE ,829.0,88.4,2.3,95.9,2.3
440,MONSIGNOR FRASER COLLEGE (MIDLAND NORTH) ,99.0,83.8,0.0,98.0,0.0
441,MONSIGNOR FRASER COLLEGE (MIDTOWN) ,73.0,89.0,0.0,98.6,0.0
442,MONSIGNOR FRASER COLLEGE (NORTHEAST) ,34.0,85.3,0.0,97.1,0.0
443,MONSIGNOR FRASER COLLEGE (SOUTHWEST) ,44.0,75.0,0.0,93.2,0.0
444,MONSIGNOR FRASER COLLEGE (ST. MARTIN) ,15.0,26.7,0.0,93.3,0.0
445,MONSIGNOR PERCY JOHNSON CATHOLIC HIGH SCHOOL ,964.0,86.7,0.9,94.7,0.9
446,MONTROSE JUNIOR PUBLIC SCHOOL ,84.0,97.6,1.2,98.8,1.2
447,MORRISH PUBLIC SCHOOL ,202.0,92.6,0.5,95.0,0.5
448,MORSE STREET JUNIOR PUBLIC SCHOOL ,251.0,90.4,2.4,92.8,2.4
449,MOTHER CABRINI CATHOLIC SCHOOL ,111.0,94.6,1.8,94.6,1.8
450,MOUNTVIEW ALTERNATIVE SCHOOL JUNIOR ,51.0,92.2,5.9,92.2,5.9
451,MSGR FRASER COLLEGE (ALTERNATE STUDY) SECONDARY SCHOOL ,170.0,80.0,1.2,98.2,1.2
452,MSGR FRASER COLLEGE (NORFINCH CAMPUS) ,114.0,71.9,0.0,87.7,0.0
453,MSGR FRASER-ISABELLA ,56.0,57.1,0.0,89.3,0.0
454,MSGR FRASER-MIDLAND ,72.0,72.2,0.0,87.5,0.0
455,MSGR JOHN CORRIGAN CATHOLIC SCHOOL ,144.0,92.4,0.7,92.4,0.7
456,MUIRHEAD PUBLIC SCHOOL ,109.0,79.8,1.8,75.2,1.8
457,NATIVE LEARNING CENTRE ,20.0,65.0,5.0,80.0,5.0
458,NATIVITY OF OUR LORD CATHOLIC SCHOOL ,277.0,90.3,2.9,90.3,2.9
459,NEIL MCNEIL HIGH SCHOOL ,840.0,89.5,1.9,97.0,1.7
460,NELSON MANDELA PARK PUBLIC SCHOOL ,195.0,92.3,1.5,92.8,1.5
461,NEWTONBROOK SECONDARY SCHOOL ,857.0,80.4,1.8,86.3,1.8
462,NIAGARA STREET JUNIOR PUBLIC SCHOOL ,97.0,90.7,2.1,92.8,2.1
463,NORMAN COOK JUNIOR PUBLIC SCHOOL ,65.0,96.9,1.5,98.5,1.5
464,NORMAN INGRAM PUBLIC SCHOOL ,85.0,94.1,3.5,96.5,3.5
465,NORSEMAN JUNIOR MIDDLE SCHOOL ,496.0,97.0,1.4,97.2,1.4
466,NORTH AGINCOURT JUNIOR PUBLIC SCHOOL ,225.0,92.4,0.9,95.1,0.9
467,NORTH ALBION COLLEGIATE INSTITUTE ,790.0,88.4,0.1,97.1,0.0
468,NORTH BENDALE JUNIOR PUBLIC SCHOOL ,64.0,90.6,3.1,95.3,3.1
469,NORTH BRIDLEWOOD JUNIOR PUBLIC SCHOOL ,107.0,95.3,1.9,94.4,1.9
470,NORTH EAST YEAR ROUND ALTERNATIVE CENTRE ,44.0,81.8,2.3,95.5,2.3
471,NORTH KIPLING JUNIOR MIDDLE SCHOOL ,417.0,86.1,0.7,88.7,0.7
472,NORTH TORONTO COLLEGIATE INSTITUTE ,1312.0,89.3,1.4,96.5,1.4
473,NORTH WEST YEAR ROUND ALTERNATIVE CENTRE ,29.0,82.8,0.0,96.6,0.0
474,NORTHERN SECONDARY SCHOOL ,1697.0,87.8,3.5,95.2,3.4
475,NORTHLEA ELEMENTARY AND MIDDLE SCHOOL ,469.0,94.7,1.9,94.7,1.9
476,NORTHVIEW HEIGHTS SECONDARY SCHOOL ,1598.0,86.9,1.1,92.2,1.0
477,NORWAY JUNIOR PUBLIC SCHOOL ,142.0,89.4,4.2,95.1,4.2
478,NOTRE DAME CATHOLIC HIGH SCHOOL ,665.0,89.0,0.5,97.3,0.5
479,OAKDALE PARK MIDDLE SCHOOL ,419.0,87.6,0.7,91.9,0.7
480,OAKRIDGE JUNIOR PUBLIC SCHOOL ,172.0,92.4,0.6,94.8,0.6
481,OAKWOOD COLLEGIATE INSTITUTE ,399.0,86.7,3.3,94.5,3.3
482,OASIS ALTERNATIVE ,97.0,78.4,8.2,88.7,8.2
483,O'CONNOR PUBLIC SCHOOL ,55.0,92.7,0.0,94.5,0.0
484,OGDEN JUNIOR PUBLIC SCHOOL ,87.0,95.4,1.1,95.4,1.1
485,ORDE STREET JUNIOR PUBLIC SCHOOL ,211.0,82.5,0.9,83.4,0.9
486,ORIOLE PARK JUNIOR PUBLIC SCHOOL ,114.0,96.5,2.6,95.6,2.6
487,OSSINGTON/OLD ORCHARD JUNIOR PUBLIC SCHOOL ,148.0,88.5,4.1,91.2,4.1
488,OUR LADY OF FATIMA CATHOLIC SCHOOL ,477.0,91.6,1.7,92.2,1.7
489,OUR LADY OF GRACE CATHOLIC SCHOOL ,176.0,92.0,0.6,96.0,0.6
490,OUR LADY OF GUADALUPE CATHOLIC SCHOOL ,99.0,87.9,1.0,83.8,1.0
491,OUR LADY OF LOURDES CATHOLIC SCHOOL ,334.0,93.4,0.0,93.4,0.0
492,OUR LADY OF PEACE CATHOLIC SCHOOL ,399.0,93.5,3.5,95.0,3.5
493,OUR LADY OF PERPETUAL HELP CATHOLIC SCHOOL ,197.0,97.5,0.5,95.9,0.5
494,OUR LADY OF SORROWS CATHOLIC SCHOOL ,515.0,95.5,2.3,95.9,2.3
495,OUR LADY OF THE ASSUMPTION CATHOLIC SCHOOL ,240.0,84.6,1.3,78.8,1.3
496,OUR LADY OF VICTORY CATHOLIC SCHOOL ,419.0,91.6,0.2,92.4,0.2
497,OUR LADY OF WISDOM CATHOLIC SCHOOL ,205.0,95.1,3.4,93.7,3.4
498,OWEN PUBLIC SCHOOL ,250.0,91.2,1.6,93.6,1.6
499,PALMERSTON AVENUE JUNIOR PUBLIC SCHOOL ,212.0,92.0,4.7,91.0,4.7
500,PAPE AVENUE JUNIOR PUBLIC SCHOOL ,178.0,96.6,2.2,97.2,2.2
501,PARK LAWN JUNIOR AND MIDDLE SCHOOL ,328.0,89.0,2.7,91.5,2.7
502,PARKDALE COLLEGIATE INSTITUTE ,504.0,87.1,2.2,94.6,2.2
503,PARKDALE JUNIOR AND SENIOR PUBLIC SCHOOL ,286.0,84.6,3.1,85.7,3.1
504,PARKFIELD JUNIOR SCHOOL ,110.0,90.0,2.7,92.7,1.8
505,PARKSIDE ELEMENTARY SCHOOL ,69.0,94.2,0.0,95.7,0.0
506,PARKVIEW ALTERNATIVE SCHOOL ,72.0,84.7,2.8,97.2,2.8
507,PAULINE JOHNSON JUNIOR PUBLIC SCHOOL ,119.0,90.8,0.0,95.0,0.0
508,PAULINE JUNIOR PUBLIC SCHOOL ,134.0,87.3,3.7,87.3,3.7
509,PELMO PARK PUBLIC SCHOOL ,121.0,82.6,2.5,86.0,2.5
510,PERCY WILLIAMS JUNIOR PUBLIC SCHOOL ,158.0,86.7,0.0,92.4,0.0
511,PERTH AVENUE JUNIOR PUBLIC SCHOOL ,134.0,85.8,4.5,87.3,4.5
512,PIERRE LAPORTE MIDDLE SCHOOL ,404.0,86.6,0.5,88.4,0.5
513,PINEWAY PUBLIC SCHOOL ,51.0,96.1,0.0,96.1,0.0
514,PLEASANT PUBLIC SCHOOL ,249.0,89.6,2.4,90.8,2.4
515,PLEASANT VIEW MIDDLE SCHOOL ,334.0,82.3,1.2,82.6,1.2
516,POPE FRANCIS CATHOLIC SCHOOL ,161.0,92.5,0.6,93.8,0.6
517,POPLAR ROAD JUNIOR PUBLIC SCHOOL ,138.0,97.1,1.4,98.6,1.4
518,PORT ROYAL PUBLIC SCHOOL ,205.0,93.2,1.0,91.7,1.0
519,PORTAGE TRAIL COMMUNITY JUNIOR SCHOOL ,443.0,85.3,2.5,89.6,2.5
520,PRECIOUS BLOOD CATHOLIC SCHOOL ,298.0,89.6,1.0,89.9,1.0
521,PRESTEIGN HEIGHTS ELEMENTARY SCHOOL ,101.0,94.1,4.0,93.1,4.0
522,PRINCE OF PEACE CATHOLIC SCHOOL ,201.0,95.5,1.0,94.5,1.0
523,PRINCESS MARGARET JUNIOR SCHOOL ,169.0,91.7,1.8,95.3,1.8
524,QUEEN ALEXANDRA MIDDLE SCHOOL ,345.0,93.9,2.9,93.6,2.9
525,QUEEN VICTORIA JUNIOR PUBLIC SCHOOL ,519.0,93.1,2.5,93.6,2.5
526,QUEST ALTERNATIVE SCHOOL SENIOR ,66.0,87.9,7.6,90.9,7.6
527,R H KING ACADEMY ,1264.0,88.9,0.7,97.5,0.6
528,R H MCGREGOR ELEMENTARY SCHOOL ,307.0,94.8,1.6,94.1,1.6
529,R J LANG ELEMENTARY AND MIDDLE SCHOOL ,278.0,86.3,1.1,88.5,1.1
530,RANCHDALE PUBLIC SCHOOL ,89.0,97.8,0.0,97.8,0.0
531,RAWLINSON COMMUNITY SCHOOL ,427.0,93.7,2.3,94.4,2.3
532,REGAL ROAD JUNIOR PUBLIC SCHOOL ,277.0,93.1,2.2,94.9,2.2
533,REGENT HEIGHTS PUBLIC SCHOOL ,318.0,90.3,0.6,92.5,0.6
534,REGINA MUNDI CATHOLIC SCHOOL ,237.0,94.9,1.3,95.8,1.3
535,RENE GORDON HEALTH AND WELLNESS ACADEMY ,132.0,95.5,1.5,94.7,1.5
536,RICHVIEW COLLEGIATE INSTITUTE ,1047.0,88.3,2.9,96.8,2.9
537,RIPPLETON PUBLIC SCHOOL ,122.0,95.9,1.6,95.9,1.6
538,RIVERCREST JUNIOR SCHOOL ,80.0,93.8,3.8,93.8,3.8
539,RIVERDALE COLLEGIATE INSTITUTE ,1206.0,89.6,3.2,95.9,3.2
540,ROBERT SERVICE SENIOR PUBLIC SCHOOL ,169.0,94.7,0.0,98.8,0.0
541,ROCKCLIFFE MIDDLE SCHOOL ,303.0,91.1,2.3,91.1,2.3
542,ROCKFORD PUBLIC SCHOOL ,336.0,78.6,1.5,80.7,1.5
543,RODEN PUBLIC SCHOOL ,233.0,86.3,2.6,89.3,2.6
544,ROLPH ROAD ELEMENTARY SCHOOL ,190.0,97.9,1.1,96.3,1.1
545,ROSE AVENUE JUNIOR PUBLIC SCHOOL ,303.0,87.8,0.0,88.4,0.0
546,ROSEDALE HEIGHTS SCHOOL OF THE ARTS ,1062.0,83.1,8.4,89.3,8.4
547,ROSEDALE JUNIOR PUBLIC SCHOOL ,119.0,98.3,0.0,99.2,0.0
548,ROSELANDS JUNIOR PUBLIC SCHOOL ,166.0,86.7,1.8,90.4,1.8
549,ROSETHORN JUNIOR SCHOOL ,183.0,94.0,5.5,94.0,5.5
550,ROUGE VALLEY PUBLIC SCHOOL ,146.0,97.3,0.0,98.6,0.0
551,ROYWOOD PUBLIC SCHOOL ,84.0,95.2,1.2,95.2,1.2
552,RUNNYMEDE COLLEGIATE INSTITUTE ,545.0,88.6,1.7,96.5,1.7
553,RUNNYMEDE JUNIOR AND SENIOR PUBLIC SCHOOL ,601.0,96.7,1.2,97.3,1.3
554,RYERSON COMMUNITY SCHOOL ,278.0,72.3,1.4,74.5,1.4
555,SACRED HEART CATHOLIC SCHOOL ,170.0,92.9,1.2,93.5,1.2
556,SAMUEL HEARNE PUBLIC SCHOOL ,376.0,86.4,0.5,90.2,0.5
557,SANTA MARIA CATHOLIC SCHOOL ,137.0,93.4,0.0,94.2,0.0
558,SATEC @ W A PORTER COLLEGIATE INSTITUTE ,1199.0,89.3,0.3,95.7,0.3
559,SCARBOROUGH VILLAGE PUBLIC SCHOOL ,121.0,90.1,0.0,93.4,0.0
560,SCHOOL OF EXPERIENTIAL EDUCATION ,72.0,76.4,1.4,97.2,1.4
561,SCHOOL OF LIFE EXPERIENCE ,120.0,85.8,0.8,95.0,0.8
562,SECOND STREET JUNIOR MIDDLE SCHOOL ,298.0,89.3,2.3,91.6,2.3
563,SECORD ELEMENTARY SCHOOL ,239.0,84.9,2.1,90.0,2.1
564,SEED ALTERNATIVE ,75.0,80.0,4.0,93.3,4.0
565,SELWYN ELEMENTARY SCHOOL ,128.0,95.3,3.1,96.1,3.1
566,SENATOR O'CONNOR COLLEGE SCHOOL ,1364.0,90.1,1.4,95.3,1.4
567,SENECA HILL PUBLIC SCHOOL ,150.0,99.3,0.0,98.7,0.0
568,SENECA SCHOOL ,53.0,88.7,3.8,90.6,3.8
569,SEVENTH STREET JUNIOR SCHOOL ,86.0,93.0,4.7,93.0,4.7
570,SHAUGHNESSY PUBLIC SCHOOL ,126.0,98.4,0.0,98.4,0.0
571,SHEPPARD PUBLIC SCHOOL ,67.0,98.5,1.5,95.5,1.5
572,SHIRLEY STREET JUNIOR PUBLIC SCHOOL ,83.0,91.6,8.4,91.6,8.4
573,SHOREHAM PUBLIC SCHOOL ,104.0,92.3,0.0,92.3,0.0
574,SILVER SPRINGS PUBLIC SCHOOL ,221.0,95.0,0.0,94.1,0.0
575,SILVERTHORN COLLEGIATE INSTITUTE ,879.0,83.8,3.0,93.9,3.0
576,SILVERTHORN COMMUNITY SCHOOL ,201.0,87.6,3.0,90.0,3.0
577,SIR ADAM BECK JUNIOR SCHOOL ,178.0,92.7,4.5,93.8,4.5
578,SIR ALEXANDER MACKENZIE SENIOR PUBLIC SCHOOL ,398.0,93.5,1.3,95.7,1.3
579,SIR ERNEST MACMILLAN SENIOR PUBLIC SCHOOL ,374.0,93.9,1.3,94.4,1.3
580,SIR JOHN A MACDONALD COLLEGIATE INSTITUTE ,1130.0,89.3,1.4,95.2,1.2
581,SIR OLIVER MOWAT COLLEGIATE INSTITUTE ,1074.0,89.3,2.2,96.9,2.2
582,SIR SAMUEL B STEELE JUNIOR PUBLIC SCHOOL ,192.0,94.3,1.0,95.8,1.0
583,SIR WILFRID LAURIER COLLEGIATE INSTITUTE ,1348.0,88.6,1.0,96.1,1.0
584,SIR WILLIAM OSLER HIGH SCHOOL ,141.0,87.2,0.7,93.6,0.7
585,SLOANE PUBLIC SCHOOL ,96.0,94.8,0.0,96.9,0.0
586,SMITHFIELD MIDDLE SCHOOL ,637.0,93.4,0.2,94.5,0.2
587,SOUTH EAST YEAR ROUND ALTERNATIVE CENTRE ,64.0,89.1,0.0,100.0,0.0
588,SPECTRUM ALTERNATIVE SENIOR SCHOOL ,60.0,91.7,8.3,91.7,8.3
589,SPRUCECOURT JUNIOR PUBLIC SCHOOL ,168.0,91.1,1.2,95.2,1.2
590,ST AGATHA CATHOLIC SCHOOL ,244.0,96.3,0.8,97.5,0.8
591,ST AGNES CATHOLIC SCHOOL ,207.0,84.1,2.4,82.6,2.4
592,ST AIDAN CATHOLIC SCHOOL ,184.0,90.2,0.5,93.5,0.5
593,ST ALBERT CATHOLIC SCHOOL ,281.0,94.3,1.1,94.0,1.1
594,ST ALPHONSUS CATHOLIC SCHOOL ,140.0,90.0,1.4,91.4,1.4
595,ST AMBROSE CATHOLIC SCHOOL ,219.0,90.9,4.6,92.7,4.6
596,ST ANDRE CATHOLIC SCHOOL ,365.0,91.0,0.0,89.6,0.0
597,ST ANDREW CATHOLIC SCHOOL ,459.0,85.8,0.2,89.8,0.2
598,ST ANDREWS MIDDLE SCHOOL ,392.0,92.6,2.3,94.4,2.3
599,ST ANDREWS PUBLIC SCHOOL ,191.0,93.7,0.0,94.2,0.0
600,ST ANGELA CATHOLIC SCHOOL ,322.0,83.2,0.6,86.3,0.6
601,ST ANSELM CATHOLIC SCHOOL ,233.0,94.8,3.0,96.1,3.0
602,ST ANTHONY CATHOLIC SCHOOL ,207.0,88.4,2.4,91.8,2.4
603,ST ANTOINE DANIEL CATHOLIC SCHOOL ,242.0,88.8,0.4,88.8,0.4
604,ST AUGUSTINE CATHOLIC SCHOOL ,342.0,89.8,0.3,89.5,0.3
605,ST BARBARA CATHOLIC SCHOOL ,207.0,90.3,1.4,90.3,1.4
606,ST BARNABAS CATHOLIC SCHOOL ,187.0,98.4,1.1,97.9,1.1
607,ST BARTHOLOMEW CATHOLIC SCHOOL ,52.0,94.2,5.8,94.2,5.8
608,ST BEDE CATHOLIC SCHOOL ,93.0,96.8,0.0,97.8,0.0
609,ST BENEDICT CATHOLIC SCHOOL ,385.0,91.7,0.8,92.5,0.5
610,ST BERNARD CATHOLIC SCHOOL ,404.0,92.8,1.2,92.8,1.2
611,ST BONAVENTURE CATHOLIC SCHOOL ,377.0,96.0,1.1,96.0,1.1
612,ST BONIFACE CATHOLIC SCHOOL ,209.0,92.3,0.0,91.9,0.0
613,ST BRENDAN CATHOLIC SCHOOL ,354.0,97.7,0.6,98.6,0.6
614,ST BRIGID CATHOLIC SCHOOL ,355.0,92.4,2.0,93.8,2.0
615,ST BRUNO / ST RAYMOND CATHOLIC SCHOOL ,149.0,85.9,6.0,87.2,5.4
616,ST CATHERINE CATHOLIC SCHOOL ,71.0,84.5,4.2,87.3,4.2
617,ST CECILIA CATHOLIC SCHOOL ,394.0,95.9,2.0,97.2,2.0
618,ST CHARLES CATHOLIC SCHOOL ,176.0,95.5,1.1,94.3,1.1
619,ST CHARLES GARNIER CATHOLIC SCHOOL ,270.0,90.4,0.7,90.7,0.7
620,ST CLARE CATHOLIC SCHOOL ,254.0,92.1,1.6,94.5,1.6
621,ST CLEMENT CATHOLIC SCHOOL ,283.0,96.1,2.1,96.5,2.1
622,ST CLEMENT'S SCHOOL ,328.0,37.2,1.5,81.1,1.5
623,ST COLUMBA CATHOLIC SCHOOL ,134.0,90.3,3.0,92.5,3.0
624,ST CONRAD CATHOLIC SCHOOL ,349.0,94.8,0.6,93.4,0.6
625,ST CYRIL CATHOLIC SCHOOL ,178.0,96.6,1.1,96.6,1.1
626,ST DEMETRIUS CATHOLIC SCHOOL ,166.0,86.1,6.6,90.4,6.6
627,ST DENIS CATHOLIC SCHOOL ,179.0,94.4,3.9,94.4,3.9
628,ST DOMINIC SAVIO CATHOLIC SCHOOL ,159.0,93.1,1.3,94.3,1.3
629,ST DOROTHY CATHOLIC SCHOOL ,200.0,95.5,1.0,95.0,1.0
630,ST DUNSTAN CATHOLIC SCHOOL ,142.0,90.8,0.7,90.8,0.7
631,ST EDMUND CAMPION CATHOLIC SCHOOL ,156.0,98.7,0.0,96.8,0.0
632,ST EDWARD CATHOLIC SCHOOL ,285.0,94.4,1.1,93.7,1.1
633,ST ELIZABETH CATHOLIC SCHOOL ,147.0,89.1,2.0,91.2,2.0
634,ST ELIZABETH SETON CATHOLIC SCHOOL ,103.0,92.2,1.9,95.1,1.9
635,ST EUGENE CATHOLIC SCHOOL ,218.0,94.5,2.8,95.9,2.8
636,ST FIDELIS CATHOLIC SCHOOL ,376.0,95.5,2.9,95.7,2.9
637,ST FLORENCE CATHOLIC SCHOOL ,108.0,94.4,0.9,93.5,0.9
638,ST FRANCIS DE SALES CATHOLIC SCHOOL ,280.0,90.4,0.0,89.6,0.0
639,ST FRANCIS OF ASSISI CATHOLIC SCHOOL ,117.0,92.3,3.4,96.6,3.4
640,ST FRANCIS XAVIER CATHOLIC SCHOOL ,326.0,89.6,0.6,91.1,0.6
641,ST GABRIEL CATHOLIC CATHOLIC SCHOOL ,186.0,86.6,1.6,86.6,1.6
642,ST GABRIEL LALEMANT CATHOLIC SCHOOL ,97.0,95.9,2.1,96.9,2.1
643,ST GEORGE'S JUNIOR SCHOOL ,81.0,95.1,2.5,95.1,2.5
644,ST GERALD CATHOLIC SCHOOL ,180.0,86.7,1.1,87.2,1.1
645,ST GREGORY CATHOLIC SCHOOL ,458.0,95.0,3.1,94.5,3.1
646,ST HELEN CATHOLIC SCHOOL ,258.0,95.3,0.8,97.3,0.8
647,ST HENRY CATHOLIC SCHOOL ,154.0,92.9,0.6,94.2,0.6
648,ST IGNATIUS OF LOYOLA CATHOLIC SCHOOL ,76.0,94.7,3.9,92.1,3.9
649,ST ISAAC JOGUES CATHOLIC SCHOOL ,201.0,92.5,0.0,92.5,0.0
650,ST JAMES CATHOLIC SCHOOL ,113.0,94.7,0.9,95.6,0.9
651,ST JANE FRANCES CATHOLIC SCHOOL ,436.0,92.0,0.5,93.3,0.5
652,ST JEAN DE BREBEUF CATHOLIC SCHOOL ,140.0,96.4,0.7,97.9,0.7
653,ST JEROME CATHOLIC SCHOOL ,317.0,88.6,0.3,91.5,0.3
654,ST JOACHIM CATHOLIC SCHOOL ,173.0,97.1,0.0,98.3,0.0
655,ST JOHN BOSCO CATHOLIC SCHOOL ,199.0,97.5,0.0,96.5,0.0
656,ST JOHN CATHOLIC SCHOOL ,284.0,95.1,0.7,96.5,0.7
657,ST JOHN THE EVANGELIST CATHOLIC SCHOOL ,259.0,92.7,0.0,93.1,0.0
658,ST JOHN VIANNEY CATHOLIC SCHOOL ,234.0,94.0,3.0,91.9,3.0
659,ST JOSAPHAT CATHOLIC SCHOOL ,90.0,83.3,7.8,82.2,7.8
660,ST JOSEPH CATHOLIC SCHOOL ,125.0,98.4,0.8,97.6,0.8
661,ST JOSEPH'S COLLEGE SCHOOL ,771.0,90.3,0.9,95.1,0.9
662,ST JOSEPHS MORROW PARK HIGH SCHOOL ,468.0,85.9,0.6,89.5,0.6
663,ST JUDE CATHOLIC SCHOOL ,475.0,92.0,0.0,94.1,0.0
664,ST KEVIN CATHOLIC SCHOOL ,150.0,98.0,0.7,98.0,0.7
665,ST LAWRENCE CATHOLIC SCHOOL ,288.0,94.1,0.7,93.8,0.7
666,ST LEO CATHOLIC SCHOOL ,168.0,93.5,1.8,94.0,1.8
667,ST LOUIS CATHOLIC SCHOOL ,118.0,96.6,1.7,96.6,1.7
668,ST LUIGI CATHOLIC SCHOOL ,79.0,93.7,0.0,92.4,0.0
669,ST MALACHY CATHOLIC SCHOOL ,184.0,94.0,1.1,95.1,1.1
670,ST MARCELLUS CATHOLIC SCHOOL ,242.0,86.8,1.7,88.0,1.7
671,ST MARGARET CATHOLIC SCHOOL ,416.0,91.8,0.5,88.5,0.5
672,ST MARGARET'S PUBLIC SCHOOL ,171.0,86.5,1.8,90.6,1.8
673,ST MARGUERITE BOURGEOYS CATHOLIC CATHOLIC SCHOOL ,58.0,96.6,0.0,98.3,0.0
674,ST MARIA GORETTI CATHOLIC SCHOOL ,637.0,93.9,0.2,93.9,0.2
675,ST MARK CATHOLIC SCHOOL ,120.0,90.8,6.7,89.2,6.7
676,ST MARTHA CATHOLIC SCHOOL ,135.0,91.9,2.2,93.3,2.2
677,ST MARTIN DE PORRES CATHOLIC SCHOOL ,257.0,89.1,0.0,91.4,0.0
678,ST MARY CATHOLIC SCHOOL ,187.0,92.5,1.6,93.6,1.6
679,ST MARY OF THE ANGELS CATHOLIC SCHOOL ,150.0,97.3,0.0,96.0,0.0
680,ST MARY'S CATHOLIC SECONDARY SCHOOL ,690.0,83.5,1.3,89.4,1.3
681,ST MATTHEW CATHOLIC SCHOOL ,338.0,97.0,0.3,97.3,0.3
682,ST MATTHIAS CATHOLIC SCHOOL ,169.0,88.2,2.4,88.2,2.4
683,ST MAURICE CATHOLIC SCHOOL ,170.0,94.1,0.0,95.3,0.0
684,ST MICHAEL CATHOLIC SCHOOL ,105.0,87.6,1.0,96.2,1.0
685,ST MICHAEL'S CHOIR (JR) SCHOOL ,167.0,93.4,3.0,94.6,3.0
686,ST MICHAEL'S CHOIR (SR) SCHOOL ,89.0,86.5,2.2,95.5,2.2
687,ST MONICA CATHOLIC SCHOOL ,195.0,90.3,1.0,93.8,1.0
688,ST NICHOLAS CATHOLIC SCHOOL ,232.0,95.3,1.3,95.3,1.3
689,ST NICHOLAS OF BARI CATHOLIC SCHOOL ,393.0,96.9,0.5,97.5,0.5
690,ST NORBERT CATHOLIC SCHOOL ,210.0,92.4,1.9,91.0,1.9
691,ST PASCHAL BAYLON CATHOLIC SCHOOL ,450.0,89.6,0.2,86.2,0.2
692,ST PATRICK CATHOLIC SECONDARY SCHOOL ,782.0,87.0,0.9,90.9,0.9
693,ST PAUL CATHOLIC SCHOOL ,104.0,89.4,0.0,90.4,0.0
694,ST PIUS X CATHOLIC SCHOOL ,315.0,95.2,1.3,95.2,1.3
695,ST RAPHAEL CATHOLIC SCHOOL ,301.0,94.0,1.0,94.0,1.0
696,ST RENE GOUPIL CATHOLIC SCHOOL ,118.0,50.8,0.0,51.7,0.0
697,ST RICHARD CATHOLIC SCHOOL ,260.0,95.0,0.8,98.1,0.8
698,ST RITA CATHOLIC SCHOOL ,51.0,96.1,0.0,100.0,0.0
699,ST ROBERT CATHOLIC SCHOOL ,381.0,94.5,0.5,92.1,0.5
700,ST ROCH CATHOLIC SCHOOL ,229.0,95.6,0.0,97.4,0.0
701,ST ROSE OF LIMA CATHOLIC SCHOOL ,274.0,93.4,0.0,92.3,0.0
702,ST SEBASTIAN CATHOLIC SCHOOL ,136.0,94.9,3.7,94.9,3.7
703,ST SIMON CATHOLIC SCHOOL ,319.0,94.0,0.6,95.0,0.6
704,ST STEPHEN CATHOLIC SCHOOL ,270.0,91.9,0.4,93.7,0.4
705,ST SYLVESTER CATHOLIC SCHOOL ,110.0,97.3,1.8,96.4,1.8
706,ST TERESA CATHOLIC SCHOOL ,170.0,88.8,0.6,91.8,0.6
707,ST THERESA SHRINE CATHOLIC SCHOOL ,123.0,96.7,0.0,95.9,0.0
708,ST THOMAS AQUINAS CATHOLIC SCHOOL ,331.0,92.1,0.0,94.3,0.0
709,ST THOMAS MORE CATHOLIC SCHOOL ,208.0,92.8,0.0,94.7,0.0
710,ST TIMOTHY CATHOLIC SCHOOL ,392.0,94.1,1.3,91.8,1.3
711,ST URSULA CATHOLIC SCHOOL ,158.0,95.6,0.6,94.3,0.6
712,ST VICTOR CATHOLIC SCHOOL ,203.0,95.1,0.5,95.1,0.5
713,ST VINCENT DE PAUL CATHOLIC SCHOOL ,208.0,94.2,3.4,92.3,3.4
714,ST WILFRID CATHOLIC SCHOOL ,411.0,84.9,0.5,85.9,0.5
715,ST. BASIL-THE-GREAT COLLEGE SCHOOL ,1304.0,89.3,0.7,95.4,0.7
716,ST. JOHN PAUL II CATHOLIC SECONDARY SCHOOL ,1311.0,90.5,0.6,97.6,0.6
717,ST. JOHN XXIII CATHOLIC SCHOOL ,264.0,86.0,0.4,84.5,0.4
718,ST. KATERI TEKAKWITHA CATHOLIC SCHOOL ,186.0,84.9,2.7,82.3,2.7
719,ST. MOTHER TERESA CATHOLIC ACADEMY ,414.0,87.7,2.2,92.0,2.2
720,STANLEY PUBLIC SCHOOL ,175.0,90.3,1.1,93.7,1.1
721,STEELESVIEW PUBLIC SCHOOL ,173.0,98.8,0.6,98.8,0.6
722,STELLA MARIS CATHOLIC SCHOOL ,224.0,96.0,0.4,96.4,0.4
723,STEPHEN LEACOCK COLLEGIATE INSTITUTE ,582.0,84.5,0.7,90.2,0.7
724,STILECROFT PUBLIC SCHOOL ,100.0,94.0,1.0,95.0,1.0
725,STS COSMAS AND DAMIAN CATHOLIC SCHOOL ,231.0,93.1,0.9,92.2,0.9
726,SUBWAY ACADEMY I ,44.0,79.5,9.1,90.9,9.1
727,SUBWAY ACADEMY II ,51.0,68.6,2.0,82.4,2.0
728,SUMMIT HEIGHTS PUBLIC SCHOOL ,239.0,96.7,2.5,96.7,2.5
729,SUNNY VIEW JUNIOR AND SENIOR PUBLIC SCHOOL ,57.0,89.5,3.5,87.7,3.5
730,SUNNYLEA JUNIOR SCHOOL ,133.0,93.2,3.8,93.2,3.8
731,SWANSEA JUNIOR AND SENIOR PUBLIC SCHOOL ,553.0,96.2,3.3,96.4,3.3
732,TAM O'SHANTER JUNIOR PUBLIC SCHOOL ,161.0,90.1,0.6,90.7,0.6
733,TAYLOR CREEK PUBLIC SCHOOL,235.0,92.3,0.0,93.2,0.0
734,TECUMSEH SENIOR PUBLIC SCHOOL ,263.0,89.4,0.4,93.5,0.4
735,TERRAVIEW-WILLOWFIELD PUBLIC SCHOOL ,178.0,93.8,3.9,93.3,3.9
736,TERRY FOX PUBLIC SCHOOL ,243.0,93.0,0.0,95.5,0.0
737,THE DIVINE INFANT CATHOLIC SCHOOL ,77.0,94.8,1.3,94.8,1.3
738,THE ELMS JUNIOR MIDDLE SCHOOL ,262.0,81.3,1.5,83.2,1.5
739,THE GROVE COMMUNITY SCHOOL ,58.0,75.9,24.1,75.9,24.1
740,THE HOLY TRINITY CATHOLIC SCHOOL ,210.0,91.0,2.4,95.2,2.4
741,THE STUDENT SCHOOL ,66.0,78.8,1.5,93.9,1.5
742,THE WATERFRONT SCHOOL ,121.0,81.8,4.1,86.8,4.1
743,THISTLETOWN COLLEGIATE INSTITUTE ,467.0,83.5,1.3,94.6,0.9
744,THOMAS L WELLS PUBLIC SCHOOL ,349.0,95.4,0.0,97.1,0.0
745,THORNCLIFFE PARK PUBLIC SCHOOL ,829.0,85.3,0.2,89.1,0.2
746,THREE VALLEYS PUBLIC SCHOOL ,138.0,96.4,2.2,96.4,2.2
747,TIMBERBANK JUNIOR PUBLIC SCHOOL ,118.0,95.8,0.0,95.8,0.0
748,TOM LONGBOAT JUNIOR PUBLIC SCHOOL ,148.0,94.6,1.4,96.6,1.4
749,TOPCLIFF PUBLIC SCHOOL ,160.0,95.0,0.0,96.9,0.0
750,TRANSFIGURATION OF OUR LORD CATHOLIC SCHOOL ,276.0,91.3,2.2,93.1,2.2
751,TREDWAY WOODSWORTH PUBLIC SCHOOL ,511.0,97.1,1.0,96.9,0.8
752,TUMPANE PUBLIC SCHOOL ,173.0,94.8,1.7,94.8,1.7
753,TWENTIETH STREET JUNIOR SCHOOL ,71.0,87.3,7.0,87.3,7.0
754,URSULA FRANKLIN ACADEMY ,525.0,87.8,4.2,95.0,4.2
755,VALLEY PARK MIDDLE SCHOOL ,983.0,77.5,0.4,81.0,0.4
756,VALLEYFIELD JUNIOR SCHOOL ,170.0,86.5,1.8,88.2,1.8
757,VENERABLE JOHN MERLINI CATHOLIC SCHOOL ,174.0,96.6,1.1,98.3,1.1
758,VICTORIA PARK COLLEGIATE INSTITUTE ,1215.0,89.0,0.8,96.0,0.8
759,VICTORIA PARK ELEMENTARY SCHOOL ,72.0,98.6,0.0,100.0,0.0
760,VICTORIA VILLAGE PUBLIC SCHOOL ,105.0,92.4,2.9,92.4,2.9
761,VRADENBURG JUNIOR PUBLIC SCHOOL ,121.0,96.7,0.0,98.3,0.0
762,WALTER PERRY JUNIOR PUBLIC SCHOOL ,154.0,83.1,1.9,92.9,1.9
763,WARREN PARK JUNIOR PUBLIC SCHOOL ,87.0,85.1,6.9,86.2,6.9
764,WEDGEWOOD JUNIOR SCHOOL ,181.0,93.4,1.1,94.5,1.1
765,WELLESWORTH JUNIOR SCHOOL ,73.0,83.6,2.7,86.3,2.7
766,WEST END ALTERNATIVE SCHOOL ,73.0,76.7,5.5,90.4,5.5
767,WEST GLEN JUNIOR SCHOOL ,77.0,90.9,5.2,90.9,3.9
768,WEST HILL COLLEGIATE INSTITUTE ,651.0,86.5,1.5,94.8,1.5
769,WEST HILL PUBLIC SCHOOL ,136.0,85.3,2.9,85.3,2.9
770,WEST HUMBER COLLEGIATE INSTITUTE ,1060.0,86.6,0.9,93.6,0.9
771,WEST HUMBER JUNIOR MIDDLE SCHOOL ,308.0,96.8,0.3,95.1,0.3
772,WEST PREPARATORY JUNIOR PUBLIC SCHOOL ,273.0,86.1,3.7,90.8,3.7
773,WEST ROUGE JUNIOR PUBLIC SCHOOL ,160.0,87.5,5.0,89.4,5.0
774,WESTERN TECHNICAL & COMMERCIAL SCHOOL ,1068.0,82.5,3.7,92.6,3.7
775,WESTMOUNT JUNIOR SCHOOL ,99.0,89.9,2.0,91.9,2.0
776,WESTON COLLEGIATE INSTITUTE ,928.0,86.0,1.3,94.0,1.2
777,WESTON MEMORIAL JUNIOR PUBLIC SCHOOL ,128.0,88.3,1.6,90.6,1.6
778,WESTVIEW CENTENNIAL SECONDARY SCHOOL ,821.0,79.4,0.5,90.7,0.5
779,WESTWAY JUNIOR SCHOOL ,90.0,87.8,2.2,90.0,2.2
780,WESTWOOD MIDDLE SCHOOL ,373.0,90.9,2.9,94.6,2.9
781,WEXFORD COLLEGIATE SCHOOL FOR THE ARTS ,1121.0,85.8,2.2,95.2,2.1
782,WEXFORD PUBLIC SCHOOL ,230.0,85.7,1.3,86.1,1.3
783,WHITE HAVEN JUNIOR PUBLIC SCHOOL ,306.0,90.8,1.0,93.1,1.0
784,WHITNEY JUNIOR PUBLIC SCHOOL ,127.0,96.9,2.4,96.1,2.4
785,WILKINSON JUNIOR PUBLIC SCHOOL ,272.0,94.1,1.8,95.2,1.8
786,WILLIAM BURGESS ELEMENTARY SCHOOL ,143.0,93.0,3.5,91.6,3.5
787,WILLIAM G DAVIS JUNIOR PUBLIC SCHOOL ,125.0,98.4,0.0,98.4,0.0
788,WILLIAM G MILLER JUNIOR PUBLIC SCHOOL ,325.0,90.5,3.4,93.8,3.4
789,WILLIAM J MCCORDIC SCHOOL ,52.0,46.2,3.8,88.5,3.8
790,WILLIAM LYON MACKENZIE COLLEGIATE INSTITUTE ,1407.0,87.9,2.6,93.5,2.6
791,WILLIAMSON ROAD JUNIOR PUBLIC SCHOOL ,288.0,96.2,2.1,96.5,2.1
792,WILLOW PARK JUNIOR PUBLIC SCHOOL ,186.0,88.2,0.0,90.9,0.0
793,WILLOWDALE MIDDLE SCHOOL ,544.0,90.1,2.0,91.7,2.0
794,WILMINGTON ELEMENTARY SCHOOL ,51.0,86.3,0.0,84.3,0.0
795,WINCHESTER JUNIOR AND SENIOR PUBLIC SCHOOL ,297.0,90.9,2.7,92.6,2.7
796,WINDFIELDS MIDDLE SCHOOL ,665.0,92.0,2.6,92.9,2.4
797,WINONA DRIVE SENIOR PUBLIC SCHOOL ,414.0,92.5,5.1,94.0,5.1
798,WINSTON CHURCHILL COLLEGIATE INSTITUTE ,561.0,89.3,1.6,95.5,1.6
799,WITHROW AVENUE JUNIOR PUBLIC SCHOOL ,299.0,92.0,2.7,94.0,2.7
800,WOBURN COLLEGIATE INSTITUTE ,900.0,90.9,0.2,97.9,0.2
801,WOBURN JUNIOR PUBLIC SCHOOL ,185.0,90.3,0.0,89.2,0.0
802,WOODBINE JUNIOR HIGH SCHOOL ,358.0,89.7,1.1,88.5,1.1
803,YORK HUMBER HIGH SCHOOL ,154.0,89.0,3.2,94.8,3.2
804,YORK MEMORIAL COLLEGIATE INSTITUTE ,887.0,89.5,2.4,96.2,2.4
805,YORK MILLS COLLEGIATE INSTITUTE ,1233.0,89.5,1.4,96.4,1.3
806,YORKVIEW PUBLIC SCHOOL ,175.0,93.1,2.3,93.1,2.3
807,YORKWOODS PUBLIC SCHOOL ,180.0,87.8,1.1,90.0,1.1
808,ZION HEIGHTS JUNIOR HIGH SCHOOL ,596.0,94.0,0.8,95.3,0.8
809,"Source: Panorama, data as of April 3, 2019.",,,,,
810,"*DTP: (diphtheria, tetanus, and polio) vaccine.",,,,,
811,"†MMR: (measles, mumps, and rubella) vaccine.",,,,,
