id,School_name,,Enrolled_pop,DTP_coverage_rate,DTP_religious_exemption_rate,MMR_coverage_rate,MMR_religious_exemption_rate
147,DA VINCI SCHOOL ,,34,55.9,44.1,55.9,44.1
15,ALPHA ALTERNATIVE JUNIOR SCHOOL ,,36,69.4,27.8,69.4,27.8
739,THE GROVE COMMUNITY SCHOOL ,,58,75.9,24.1,75.9,24.1
231,EQUINOX HOLISTIC ALTERNATIVE SCHOOL ,,112,77.7,22.3,77.7,22.3
16,ALPHA II ALTERNATIVE SCHOOL ,,19,57.9,21.1,68.4,21.1
126,CITY VIEW ALTERNATIVE SENIOR SCHOOL ,,54,77.8,20.4,77.8,20.4
4,AFRICENTRIC ALTERNATIVE SCHOOL ,,66,71.2,19.7,72.7,19.7
36,BEACHES ALTERNATIVE JUNIOR SCHOOL ,,34,82.4,17.6,82.4,17.6
311,HIGH PARK ALTERNATIVE SCHOOL JUNIOR ,,76,84.2,15.8,84.2,15.8
40,BEN HEPPNER VOCAL MUSIC ACADEMY ,,45,84.4,11.1,84.4,11.1
160,DELTA SENIOR ALTERNATIVE SCHOOL ,,60,88.3,10,88.3,10
254,FIRST NATIONS SCHOOL OF TORONTO ,,130,69.2,9.2,74.6,10
435,MILL VALLEY JUNIOR SCHOOL ,,60,90,10,90,10
726,SUBWAY ACADEMY I ,,44,79.5,9.1,90.9,9.1
125,CITY SCHOOL ,,104,77.9,8.7,89.4,8.7
297,GUILDWOOD JUNIOR PUBLIC SCHOOL ,,58,89.7,8.6,89.7,8.6
120,CHILDREN'S GARDEN JUNIOR SCHOOL ,,59,52.5,8.5,64.4,8.5
374,JOSYF CARDINAL SLIPYJ CATHOLIC SCHOOL ,,357,86.6,8.4,86.8,8.4
546,ROSEDALE HEIGHTS SCHOOL OF THE ARTS ,,1062,83.1,8.4,89.3,8.4
572,SHIRLEY STREET JUNIOR PUBLIC SCHOOL ,,83,91.6,8.4,91.6,8.4
344,INGLENOOK COMMUNITY SCHOOL ,,72,77.8,6.9,90.3,8.3
588,SPECTRUM ALTERNATIVE SENIOR SCHOOL ,,60,91.7,8.3,91.7,8.3
482,OASIS ALTERNATIVE ,,97,78.4,8.2,88.7,8.2
376,KAREN KAIN SCHOOL OF THE ARTS ,,172,89,8.1,90.7,8.1
659,ST JOSAPHAT CATHOLIC SCHOOL ,,90,83.3,7.8,82.2,7.8
104,CENTRAL ETOBICOKE HIGH SCHOOL ,,104,81.7,7.7,91.3,7.7
176,DOWNTOWN ALTERNATIVE SCHOOL ,,52,92.3,7.7,90.4,7.7
526,QUEST ALTERNATIVE SCHOOL SENIOR ,,66,87.9,7.6,90.9,7.6
331,HORIZON ALTERNATIVE SENIOR SCHOOL ,,67,91,7.5,91,7.5
118,CHESTER LE JUNIOR PUBLIC SCHOOL ,,70,87.1,7.1,90,7.1
753,TWENTIETH STREET JUNIOR SCHOOL ,,71,87.3,7,87.3,7
763,WARREN PARK JUNIOR PUBLIC SCHOOL ,,87,85.1,6.9,86.2,6.9
675,ST MARK CATHOLIC SCHOOL ,,120,90.8,6.7,89.2,6.7
626,ST DEMETRIUS CATHOLIC SCHOOL ,,166,86.1,6.6,90.4,6.6
141,COURCELETTE PUBLIC SCHOOL ,,188,89.4,6.4,91.5,6.4
177,DOWNTOWN VOCAL MUSIC ACADEMY OF TORONTO ,,47,87.2,6.4,89.4,6.4
27,AVONDALE ALTERNATIVE ELEMENTARY SCHOOL ,,80,90,6.3,92.5,6.3
164,DEWSON STREET JUNIOR PUBLIC SCHOOL ,,243,88.5,6.2,90.9,6.2
334,HUMBER VALLEY VILLAGE JUNIOR MIDDLE SCHOOL ,,252,88.1,6,88.9,6
273,GEORGE P MACKIE JUNIOR PUBLIC SCHOOL ,,68,92.6,5.9,92.6,5.9
450,MOUNTVIEW ALTERNATIVE SCHOOL JUNIOR ,,51,92.2,5.9,92.2,5.9
197,ECOLE ELEMENTAIRE FELIX-LECLERC ,,104,86.5,5.8,87.5,5.8
607,ST BARTHOLOMEW CATHOLIC SCHOOL ,,52,94.2,5.8,94.2,5.8
114,CHARLOTTETOWN JUNIOR PUBLIC SCHOOL ,,210,90,5.7,91.9,5.7
200,EOLE ELEMENTAIRE LA MOSAIQUE ,,212,90.6,6.1,92,5.7
223,ELIZABETH SIMCOE JUNIOR PUBLIC SCHOOL ,,175,90.9,5.7,93.7,5.7
549,ROSETHORN JUNIOR SCHOOL ,,183,94,5.5,94,5.5
766,WEST END ALTERNATIVE SCHOOL ,,73,76.7,5.5,90.4,5.5
121,CHINE DRIVE PUBLIC SCHOOL ,,92,93.5,5.4,93.5,5.4
615,ST BRUNO / ST RAYMOND CATHOLIC SCHOOL ,,149,85.9,6,87.2,5.4
410,LUCY MCCORMICK SENIOR SCHOOL ,,57,33.3,5.3,80.7,5.3
78,BROADLANDS PUBLIC SCHOOL ,,248,92.7,5.2,92.7,5.2
343,INDIAN ROAD CRESCENT JUNIOR PUBLIC SCHOOL ,,174,89.1,5.2,90.8,5.2
354,JACKMAN AVENUE JUNIOR PUBLIC SCHOOL ,,315,88.6,4.8,90.5,5.1
797,WINONA DRIVE SENIOR PUBLIC SCHOOL ,,414,92.5,5.1,94,5.1
418,MAPLE LEAF PUBLIC SCHOOL ,,140,86.4,5,89.3,5
457,NATIVE LEARNING CENTRE ,,20,65,5,80,5
773,WEST ROUGE JUNIOR PUBLIC SCHOOL ,,160,87.5,5,89.4,5
34,BAYCREST PUBLIC SCHOOL ,,61,91.8,4.9,90.2,4.9
332,HOWARD JUNIOR PUBLIC SCHOOL ,,267,87.6,4.9,88.4,4.9
340,HURON STREET JUNIOR PUBLIC SCHOOL ,,163,89.6,4.9,93.3,4.9
134,COLLEGE FRANCAIS SECONDAIRE ,,165,86.1,4.8,89.1,4.8
239,ETOBICOKE SCHOOL OF THE ARTS ,,939,82.5,4.8,93.1,4.8
154,DAVID HORNELL JUNIOR SCHOOL ,,106,88.7,4.7,87.7,4.7
377,KEELE STREET JUNIOR PUBLIC SCHOOL ,,295,84.7,4.7,87.5,4.7
499,PALMERSTON AVENUE JUNIOR PUBLIC SCHOOL ,,212,92,4.7,91,4.7
569,SEVENTH STREET JUNIOR SCHOOL ,,86,93,4.7,93,4.7
357,JAMES S BELL JUNIOR MIDDLE SCHOOL ,,283,92.9,4.6,91.2,4.6
595,ST AMBROSE CATHOLIC SCHOOL ,,219,90.9,4.6,92.7,4.6
116,CHEROKEE PUBLIC SCHOOL ,,88,92,4.5,90.9,4.5
165,DIEFENBAKER ELEMENTARY SCHOOL ,,199,92,4.5,93.5,4.5
221,EIC SAINT-FRERE-ANDRE,,110,88.2,4.5,93.6,4.5
511,PERTH AVENUE JUNIOR PUBLIC SCHOOL ,,134,85.8,4.5,87.3,4.5
577,SIR ADAM BECK JUNIOR SCHOOL ,,178,92.7,4.5,93.8,4.5
249,FAYWOOD ARTS-BASED CURRICULUM SCHOOL ,,274,90.5,4.4,89.4,4.4
162,DENNIS AVENUE COMMUNITY SCHOOL ,,47,87.2,4.3,89.4,4.3
263,FRANKLAND COMMUNITY SCHOOL ,,187,89.3,4.3,91.4,4.3
305,HAWTHORNE II BILINGUAL ALTERNATIVE JUNIOR SCHOOL ,,94,95.7,4.3,94.7,4.3
417,MANHATTAN PARK JUNIOR PUBLIC SCHOOL ,,47,93.6,4.3,93.6,4.3
186,EARL BEATTY JUNIOR AND SENIOR PUBLIC SCHOOL ,,212,91,4.2,92.5,4.2
338,HUMEWOOD COMMUNITY SCHOOL ,,331,89.7,4.2,91.8,4.2
430,MCMURRICH JUNIOR PUBLIC SCHOOL ,,288,89.6,4.2,90.3,4.2
477,NORWAY JUNIOR PUBLIC SCHOOL ,,142,89.4,4.2,95.1,4.2
616,ST CATHERINE CATHOLIC SCHOOL ,,71,84.5,4.2,87.3,4.2
754,URSULA FRANKLIN ACADEMY ,,525,87.8,4.2,95,4.2
365,JOHN FISHER JUNIOR PUBLIC SCHOOL ,,220,93.2,4.1,94.1,4.1
487,OSSINGTON/OLD ORCHARD JUNIOR PUBLIC SCHOOL ,,148,88.5,4.1,91.2,4.1
742,THE WATERFRONT SCHOOL ,,121,81.8,4.1,86.8,4.1
236,ESSEX JUNIOR AND SENIOR PUBLIC SCHOOL ,,176,88.1,4,90.9,4
364,JOHN ENGLISH JUNIOR MIDDLE SCHOOL ,,626,94.2,4,94.7,4
394,LANOR JUNIOR MIDDLE SCHOOL ,,199,91,4,92.5,4
521,PRESTEIGN HEIGHTS ELEMENTARY SCHOOL ,,101,94.1,4,93.1,4
564,SEED ALTERNATIVE ,,75,80,4,93.3,4
280,GIVINS/SHAW JUNIOR PUBLIC SCHOOL ,,155,88.4,3.9,89,3.9
405,LORD LANSDOWNE JUNIOR PUBLIC SCHOOL ,,128,93.8,3.9,94.5,3.9
627,ST DENIS CATHOLIC SCHOOL ,,179,94.4,3.9,94.4,3.9
648,ST IGNATIUS OF LOYOLA CATHOLIC SCHOOL ,,76,94.7,3.9,92.1,3.9
735,TERRAVIEW-WILLOWFIELD PUBLIC SCHOOL ,,178,93.8,3.9,93.3,3.9
767,WEST GLEN JUNIOR SCHOOL ,,77,90.9,5.2,90.9,3.9
252,FINCH PUBLIC SCHOOL ,,105,91.4,3.8,92.4,3.8
282,GLEDHILL JUNIOR PUBLIC SCHOOL ,,186,90.3,3.8,93,3.8
288,GORDON A BROWN MIDDLE SCHOOL ,,372,86.3,3.8,88.7,3.8
293,GREENLAND PUBLIC SCHOOL ,,53,94.3,3.8,94.3,3.8
538,RIVERCREST JUNIOR SCHOOL ,,80,93.8,3.8,93.8,3.8
568,SENECA SCHOOL ,,53,88.7,3.8,90.6,3.8
730,SUNNYLEA JUNIOR SCHOOL ,,133,93.2,3.8,93.2,3.8
789,WILLIAM J MCCORDIC SCHOOL ,,52,46.2,3.8,88.5,3.8
198,ECOLE ELEMENTAIRE GABRIELLE-ROY ,,135,91.1,3.7,90.4,3.7
269,GENERAL MERCER JUNIOR PUBLIC SCHOOL ,,108,89.8,3.7,89.8,3.7
380,KENSINGTON COMMUNITY SCHOOL ,,82,95.1,3.7,93.9,3.7
508,PAULINE JUNIOR PUBLIC SCHOOL ,,134,87.3,3.7,87.3,3.7
702,ST SEBASTIAN CATHOLIC SCHOOL ,,136,94.9,3.7,94.9,3.7
772,WEST PREPARATORY JUNIOR PUBLIC SCHOOL ,,273,86.1,3.7,90.8,3.7
774,WESTERN TECHNICAL & COMMERCIAL SCHOOL ,,1068,82.5,3.7,92.6,3.7
3,ADAM BECK JUNIOR PUBLIC SCHOOL ,,247,91.9,3.6,94.3,3.6
13,ALL SAINTS CATHOLIC SCHOOL ,,559,93.7,3.6,94.6,3.6
47,BEVERLEY SCHOOL ,,55,87.3,3.6,89.1,3.6
348,ISLAND PUBLIC/NATURAL SCIENCE SCHOOL ,,112,94.6,3.6,94.6,3.6
419,MAPLEWOOD HIGH SCHOOL ,,112,88.4,4.5,95.5,3.6
26,ARMOUR HEIGHTS PUBLIC SCHOOL ,,144,94.4,3.5,92.4,3.5
77,BROADACRES JUNIOR PUBLIC SCHOOL ,,202,92.6,3.5,92.6,3.5
133,COLLEGE FRANCAIS ELEMENTAIRE ,,115,71.3,3.5,76.5,3.5
411,LYNNGATE JUNIOR PUBLIC SCHOOL ,,86,96.5,3.5,95.3,3.5
464,NORMAN INGRAM PUBLIC SCHOOL ,,85,94.1,3.5,96.5,3.5
492,OUR LADY OF PEACE CATHOLIC SCHOOL ,,399,93.5,3.5,95,3.5
729,SUNNY VIEW JUNIOR AND SENIOR PUBLIC SCHOOL ,,57,89.5,3.5,87.7,3.5
786,WILLIAM BURGESS ELEMENTARY SCHOOL ,,143,93,3.5,91.6,3.5
31,BALMY BEACH COMMUNITY SCHOOL ,,207,94.2,3.4,96.6,3.4
79,BROCK PUBLIC SCHOOL ,,177,85.3,3.4,90.4,3.4
92,CALICO PUBLIC SCHOOL ,,147,76.2,3.4,78.2,3.4
106,CENTRAL TORONTO ACADEMY ,,587,78.4,3.4,84.2,3.4
367,JOHN G DIEFENBAKER PUBLIC SCHOOL ,,145,93.8,3.4,95.2,3.4
474,NORTHERN SECONDARY SCHOOL ,,1697,87.8,3.5,95.2,3.4
497,OUR LADY OF WISDOM CATHOLIC SCHOOL ,,205,95.1,3.4,93.7,3.4
639,ST FRANCIS OF ASSISI CATHOLIC SCHOOL ,,117,92.3,3.4,96.6,3.4
713,ST VINCENT DE PAUL CATHOLIC SCHOOL ,,208,94.2,3.4,92.3,3.4
788,WILLIAM G MILLER JUNIOR PUBLIC SCHOOL ,,325,90.5,3.4,93.8,3.4
143,CRESTHAVEN PUBLIC SCHOOL ,,151,96,3.3,94.7,3.3
224,ELKHORN PUBLIC SCHOOL ,,180,89.4,3.3,92.8,3.3
247,FATHER JOHN REDMOND CATHOLIC SECONDARY SCHOOL ,,1229,84.5,3.3,93.1,3.3
360,JESSE KETCHUM JUNIOR AND SENIOR PUBLIC SCHOOL ,,304,79.9,3.3,83.9,3.3
481,OAKWOOD COLLEGIATE INSTITUTE ,,399,86.7,3.3,94.5,3.3
731,SWANSEA JUNIOR AND SENIOR PUBLIC SCHOOL ,,553,96.2,3.3,96.4,3.3
56,BLANTYRE PUBLIC SCHOOL ,,157,91.7,3.2,93.6,3.2
159,DELPHI SECONDARY ALTERNATIVE SCHOOL ,,93,83.9,3.2,94.6,3.2
190,EAST ALTERNATIVE SCHOOL OF TORONTO ,,62,93.5,3.2,96.8,3.2
214,ECOLE SAINTE-MARGUERITE-D'YOUVILLE ,,222,95.5,3.2,93.7,3.2
318,HILLCREST COMMUNITY SCHOOL ,,185,88.1,3.2,89.7,3.2
384,KING GEORGE JUNIOR PUBLIC SCHOOL ,,93,94.6,3.2,96.8,3.2
391,LAMBTON KINGSWAY JUNIOR MIDDLE SCHOOL ,,401,93.8,3.7,95.3,3.2
415,MALVERN COLLEGIATE INSTITUTE ,,1114,88.4,3.2,96.1,3.2
539,RIVERDALE COLLEGIATE INSTITUTE ,,1206,89.6,3.2,95.9,3.2
803,YORK HUMBER HIGH SCHOOL ,,154,89,3.2,94.8,3.2
70,BOWMORE ROAD JUNIOR AND SENIOR PUBLIC SCHOOL ,,607,94.2,3.3,95.7,3.1
74,BRIARCREST JUNIOR SCHOOL ,,162,92,3.7,92.6,3.1
136,CORDELLA JUNIOR PUBLIC SCHOOL ,,64,92.2,3.1,93.8,3.1
158,DEER PARK JUNIOR AND SENIOR PUBLIC SCHOOL ,,355,85.9,3.1,87.9,3.1
161,DENLOW PUBLIC SCHOOL ,,225,96,3.6,96,3.1
188,EARL HAIG PUBLIC SCHOOL ,,295,93.6,3.1,95.3,3.1
284,GLEN PARK PUBLIC SCHOOL ,,254,90.9,3.1,94.1,3.1
301,HARBORD COLLEGIATE INSTITUTE ,,1016,87.6,3.1,95.9,3.1
468,NORTH BENDALE JUNIOR PUBLIC SCHOOL ,,64,90.6,3.1,95.3,3.1
503,PARKDALE JUNIOR AND SENIOR PUBLIC SCHOOL ,,286,84.6,3.1,85.7,3.1
565,SELWYN ELEMENTARY SCHOOL ,,128,95.3,3.1,96.1,3.1
645,ST GREGORY CATHOLIC SCHOOL ,,458,95,3.1,94.5,3.1
129,CLAUDE WATSON SCHOOL FOR THE ARTS ,,300,95.3,3,96.7,3
132,CLINTON STREET JUNIOR PUBLIC SCHOOL ,,234,88,3.4,91.5,3
182,DUBLIN HEIGHTS ELEMENTARY AND MIDDLE SCHOOL ,,563,84.2,3,86.9,3
183,DUKE OF CONNAUGHT JUNIOR AND SENIOR PUBLIC SCHOOL ,,633,96.5,3,96.5,3
205,ECOLE-ELEMENTAIRE-PIERRE-ELLIOTT-TRUDEAU ,,168,94.6,3,93.5,3
206,ECOLE-ELEMENTAIRE TORONTO OUEST ,,164,83.5,3,87.8,3
208,ECOLE SECONDAIRE TORONTO OUEST ,,169,87,3,92.9,3
248,FATHER SERRA CATHOLIC SCHOOL ,,332,93.7,3,95.5,3
575,SILVERTHORN COLLEGIATE INSTITUTE ,,879,83.8,3,93.9,3
576,SILVERTHORN COMMUNITY SCHOOL ,,201,87.6,3,90,3
601,ST ANSELM CATHOLIC SCHOOL ,,233,94.8,3,96.1,3
623,ST COLUMBA CATHOLIC SCHOOL ,,134,90.3,3,92.5,3
658,ST JOHN VIANNEY CATHOLIC SCHOOL ,,234,94,3,91.9,3
685,ST MICHAEL'S CHOIR (JR) SCHOOL ,,167,93.4,3,94.6,3
63,BLESSED SACRAMENT CATHOLIC SCHOOL ,,343,92.1,2.9,92.7,2.9
103,CENTENNIAL ROAD JUNIOR PUBLIC SCHOOL ,,138,94.2,2.9,96.4,2.9
207,ECOLE SECONDAIRE ETIENNE-BRULE,,280,87.1,2.9,93.9,2.9
251,FERN AVENUE JUNIOR AND SENIOR PUBLIC SCHOOL ,,485,94.8,2.9,96.7,2.9
320,HILLTOP MIDDLE SCHOOL ,,561,91.4,2.9,93.6,2.9
381,KEW BEACH JUNIOR PUBLIC SCHOOL ,,238,92.4,2.9,94.1,2.9
385,KINGSLAKE PUBLIC SCHOOL ,,103,92.2,2.9,93.2,2.9
458,NATIVITY OF OUR LORD CATHOLIC SCHOOL ,,277,90.3,2.9,90.3,2.9
524,QUEEN ALEXANDRA MIDDLE SCHOOL ,,345,93.9,2.9,93.6,2.9
536,RICHVIEW COLLEGIATE INSTITUTE ,,1047,88.3,2.9,96.8,2.9
636,ST FIDELIS CATHOLIC SCHOOL ,,376,95.5,2.9,95.7,2.9
760,VICTORIA VILLAGE PUBLIC SCHOOL ,,105,92.4,2.9,92.4,2.9
769,WEST HILL PUBLIC SCHOOL ,,136,85.3,2.9,85.3,2.9
780,WESTWOOD MIDDLE SCHOOL ,,373,90.9,2.9,94.6,2.9
110,CHARLES G FRASER JUNIOR PUBLIC SCHOOL ,,107,89.7,2.8,93.5,2.8
173,DOVERCOURT PUBLIC SCHOOL ,,248,89.5,2.8,91.5,2.8
227,ELMLEA JUNIOR SCHOOL ,,176,87.5,2.8,86.9,2.8
240,ETOBICOKE YEAR ROUND ALTERNATIVE CENTRE ,,36,83.3,2.8,97.2,2.8
242,FAIRBANK JUNIOR AND MIDDLE SCHOOL ,,217,92.2,2.8,93.1,2.8
335,HUMBERCREST PUBLIC SCHOOL ,,430,95.3,2.8,96,2.8
389,LAKESHORE COLLEGIATE INSTITUTE ,,640,82.7,2.8,93.3,2.8
506,PARKVIEW ALTERNATIVE SCHOOL ,,72,84.7,2.8,97.2,2.8
635,ST EUGENE CATHOLIC SCHOOL ,,218,94.5,2.8,95.9,2.8
95,CARDINAL CARTER ACADEMY FOR THE ARTS ,,808,86.3,2.6,95.9,2.7
184,DUNDAS JUNIOR PUBLIC SCHOOL ,,150,93.3,2.7,92,2.7
212,EEC NOTRE-DAME-DE-GRACE - TORONTO ,,110,92.7,2.7,93.6,2.7
235,ESC SAINT-FRERE-ANDRE,,185,83.8,2.7,92.4,2.7
322,HOLLYCREST MIDDLE SCHOOL ,,475,88.6,2.7,92.8,2.7
336,HUMBERSIDE COLLEGIATE INSTITUTE ,,1212,88,2.7,96.2,2.7
366,JOHN G ALTHOUSE MIDDLE SCHOOL ,,482,90.2,2.7,91.9,2.7
383,KING EDWARD JUNIOR AND SENIOR PUBLIC SCHOOL ,,474,92,2.7,92,2.7
501,PARK LAWN JUNIOR AND MIDDLE SCHOOL ,,328,89,2.7,91.5,2.7
718,ST. KATERI TEKAKWITHA CATHOLIC SCHOOL ,,186,84.9,2.7,82.3,2.7
765,WELLESWORTH JUNIOR SCHOOL ,,73,83.6,2.7,86.3,2.7
795,WINCHESTER JUNIOR AND SENIOR PUBLIC SCHOOL ,,297,90.9,2.7,92.6,2.7
799,WITHROW AVENUE JUNIOR PUBLIC SCHOOL ,,299,92,2.7,94,2.7
73,BRIAN PUBLIC SCHOOL ,,155,91,2.6,89.7,2.6
216,ECOLE SAINT-MICHEL-TORONTO ,,78,92.3,2.6,94.9,2.6
237,ETIENNE BRULE JUNIOR SCHOOL ,,76,97.4,2.6,96.1,2.6
296,GREY OWL JUNIOR PUBLIC SCHOOL ,,115,89.6,2.6,91.3,2.6
352,J R WILCOX COMMUNITY SCHOOL ,,152,94.7,2.6,93.4,2.6
370,JOHN ROSS ROBERTSON JUNIOR PUBLIC SCHOOL ,,308,90.3,2.6,93.2,2.6
486,ORIOLE PARK JUNIOR PUBLIC SCHOOL ,,114,96.5,2.6,95.6,2.6
543,RODEN PUBLIC SCHOOL ,,233,86.3,2.6,89.3,2.6
790,WILLIAM LYON MACKENZIE COLLEGIATE INSTITUTE ,,1407,87.9,2.6,93.5,2.6
41,BENDALE BUSINESS & TECHNICAL INSTITUTE ,,324,88.6,2.5,96.3,2.5
75,BRIDLEWOOD JUNIOR PUBLIC SCHOOL ,,120,96.7,2.5,95,2.5
86,BUCHANAN PUBLIC SCHOOL ,,204,93.6,2.5,94.1,2.5
105,CENTRAL TECHNICAL SCHOOL ,,959,83.1,2.7,90.1,2.5
140,COTTINGHAM JUNIOR PUBLIC SCHOOL ,,79,93.7,2.5,96.2,2.5
148,DALLINGTON PUBLIC SCHOOL ,,201,89.6,2.5,91,2.5
185,DUNLACE PUBLIC SCHOOL ,,161,95,2.5,95.7,2.5
233,ÉSC MONSEIGNEUR-DE-CHARBONNEL ,,199,83.4,2.5,92.5,2.5
262,FRANK OKE SECONDARY SCHOOL ,,79,84.8,2.5,97.5,2.5
277,GEORGE SYME COMMUNITY SCHOOL ,,162,85.2,2.5,88.9,2.5
402,LESTER B PEARSON ELEMENTARY SCHOOL ,,324,95.1,2.5,97.2,2.5
509,PELMO PARK PUBLIC SCHOOL ,,121,82.6,2.5,86,2.5
519,PORTAGE TRAIL COMMUNITY JUNIOR SCHOOL ,,443,85.3,2.5,89.6,2.5
525,QUEEN VICTORIA JUNIOR PUBLIC SCHOOL ,,519,93.1,2.5,93.6,2.5
643,ST GEORGE'S JUNIOR SCHOOL ,,81,95.1,2.5,95.1,2.5
728,SUMMIT HEIGHTS PUBLIC SCHOOL ,,239,96.7,2.5,96.7,2.5
21,ANNETTE STREET JUNIOR AND SENIOR PUBLIC SCHOOL ,,335,90.7,2.4,93.1,2.4
52,BISHOP ALLEN ACADEMY CATHOLIC SECONDARY SCHOOL ,,1583,88.3,2.5,94.4,2.4
67,BLOORDALE MIDDLE SCHOOL ,,370,88.4,2.4,93.2,2.4
68,BLOORLEA MIDDLE SCHOOL ,,286,93.7,2.4,95.8,2.4
124,CHURCHILL PUBLIC SCHOOL ,,165,90.3,2.4,93.3,2.4
187,EARL GREY SENIOR PUBLIC SCHOOL ,,453,92.9,2.4,95.8,2.4
192,EAST YORK COLLEGIATE INSTITUTE ,,1040,88.6,2.5,94.5,2.4
201,ECOLE ELEMENTAIRE LAURE-RIESE,,124,89.5,2.4,87.9,2.4
268,GENERAL CRERAR PUBLIC SCHOOL ,,248,88.3,2.4,91.5,2.4
399,LESCON PUBLIC SCHOOL ,,84,89.3,2.4,90.5,2.4
412,LYNNWOOD HEIGHTS JUNIOR PUBLIC SCHOOL ,,82,93.9,2.4,89,2.4
448,MORSE STREET JUNIOR PUBLIC SCHOOL ,,251,90.4,2.4,92.8,2.4
514,PLEASANT PUBLIC SCHOOL ,,249,89.6,2.4,90.8,2.4
591,ST AGNES CATHOLIC SCHOOL ,,207,84.1,2.4,82.6,2.4
602,ST ANTHONY CATHOLIC SCHOOL ,,207,88.4,2.4,91.8,2.4
682,ST MATTHIAS CATHOLIC SCHOOL ,,169,88.2,2.4,88.2,2.4
740,THE HOLY TRINITY CATHOLIC SCHOOL ,,210,91,2.4,95.2,2.4
784,WHITNEY JUNIOR PUBLIC SCHOOL ,,127,96.9,2.4,96.1,2.4
796,WINDFIELDS MIDDLE SCHOOL ,,665,92,2.6,92.9,2.4
804,YORK MEMORIAL COLLEGIATE INSTITUTE ,,887,89.5,2.4,96.2,2.4
22,ANNUNCIATION CATHOLIC SCHOOL ,,216,93.1,2.3,93.1,2.3
32,BANNOCKBURN SCHOOL ,,43,79.1,2.3,90.7,2.3
38,BEDFORD PARK PUBLIC SCHOOL ,,474,91.4,2.3,93.9,2.3
102,CEDARVALE COMMUNITY SCHOOL ,,256,95.3,2.3,96.5,2.3
117,CHESTER ELEMENTARY SCHOOL ,,218,91.7,2.3,94,2.3
146,D A MORRISON MIDDLE SCHOOL ,,426,86.4,2.1,91.8,2.3
324,HOLY ANGELS CATHOLIC SCHOOL ,,302,93.4,2.3,94,2.3
396,LAWRENCE PARK COLLEGIATE INSTITUTE ,,1192,89,2.4,96.8,2.3
439,MONARCH PARK COLLEGIATE INSTITUTE ,,829,88.4,2.3,95.9,2.3
470,NORTH EAST YEAR ROUND ALTERNATIVE CENTRE ,,44,81.8,2.3,95.5,2.3
494,OUR LADY OF SORROWS CATHOLIC SCHOOL ,,515,95.5,2.3,95.9,2.3
531,RAWLINSON COMMUNITY SCHOOL ,,427,93.7,2.3,94.4,2.3
541,ROCKCLIFFE MIDDLE SCHOOL ,,303,91.1,2.3,91.1,2.3
562,SECOND STREET JUNIOR MIDDLE SCHOOL ,,298,89.3,2.3,91.6,2.3
598,ST ANDREWS MIDDLE SCHOOL ,,392,92.6,2.3,94.4,2.3
806,YORKVIEW PUBLIC SCHOOL ,,175,93.1,2.3,93.1,2.3
14,ALLENBY JUNIOR PUBLIC SCHOOL ,,409,90.2,2.2,94.9,2.2
55,BLAKE STREET JUNIOR PUBLIC SCHOOL ,,134,94.8,2.2,96.3,2.2
64,BLESSED TRINITY CATHOLIC SCHOOL ,,137,90.5,2.2,93.4,2.2
69,BLYTHWOOD JUNIOR PUBLIC SCHOOL ,,223,95.1,2.7,94.6,2.2
93,CAMERON PUBLIC SCHOOL ,,135,95.6,2.2,95.6,2.2
97,CARLETON VILLAGE JUNIOR AND SENIOR PUBLIC SCHOOL ,,180,83.3,2.2,86.1,2.2
156,DAVISVILLE JUNIOR PUBLIC SCHOOL ,,228,88.2,2.2,89.9,2.2
500,PAPE AVENUE JUNIOR PUBLIC SCHOOL ,,178,96.6,2.2,97.2,2.2
502,PARKDALE COLLEGIATE INSTITUTE ,,504,87.1,2.2,94.6,2.2
532,REGAL ROAD JUNIOR PUBLIC SCHOOL ,,277,93.1,2.2,94.9,2.2
581,SIR OLIVER MOWAT COLLEGIATE INSTITUTE ,,1074,89.3,2.2,96.9,2.2
676,ST MARTHA CATHOLIC SCHOOL ,,135,91.9,2.2,93.3,2.2
686,ST MICHAEL'S CHOIR (SR) SCHOOL ,,89,86.5,2.2,95.5,2.2
719,ST. MOTHER TERESA CATHOLIC ACADEMY ,,414,87.7,2.2,92,2.2
746,THREE VALLEYS PUBLIC SCHOOL ,,138,96.4,2.2,96.4,2.2
750,TRANSFIGURATION OF OUR LORD CATHOLIC SCHOOL ,,276,91.3,2.2,93.1,2.2
779,WESTWAY JUNIOR SCHOOL ,,90,87.8,2.2,90,2.2
66,BLOOR COLLEGIATE INSTITUTE ,,846,90.4,2.1,95.6,2.1
84,BROWN JUNIOR PUBLIC SCHOOL ,,283,83.4,2.1,87.3,2.1
111,CHARLES GORDON SENIOR PUBLIC SCHOOL ,,330,89.1,2.1,90.3,2.1
149,DANFORTH COLLEGIATE INSTITUTE AND TECHNICAL SCHOOL ,,982,88.9,2.1,95.8,2.1
174,DOWNSVIEW PUBLIC SCHOOL ,,95,90.5,2.1,91.6,2.1
226,ELMBANK JUNIOR MIDDLE ACADEMY ,,237,83.1,2.1,84,2.1
321,HODGSON SENIOR PUBLIC SCHOOL ,,533,87.6,2.1,90.2,2.1
462,NIAGARA STREET JUNIOR PUBLIC SCHOOL ,,97,90.7,2.1,92.8,2.1
563,SECORD ELEMENTARY SCHOOL ,,239,84.9,2.1,90,2.1
621,ST CLEMENT CATHOLIC SCHOOL ,,283,96.1,2.1,96.5,2.1
642,ST GABRIEL LALEMANT CATHOLIC SCHOOL ,,97,95.9,2.1,96.9,2.1
781,WEXFORD COLLEGIATE SCHOOL FOR THE ARTS ,,1121,85.8,2.2,95.2,2.1
791,WILLIAMSON ROAD JUNIOR PUBLIC SCHOOL ,,288,96.2,2.1,96.5,2.1
29,AVONDALE SECONDARY ALTERNATIVE SCHOOL ,,49,69.4,2,91.8,2
168,DON MILLS MIDDLE SCHOOL ,,410,90.2,2,93.2,2
238,ETOBICOKE COLLEGIATE INSTITUTE ,,1004,88.4,2,95.7,2
395,LAWRENCE HEIGHTS MIDDLE SCHOOL ,,148,93.9,2,93.9,2
431,MEADOWVALE PUBLIC SCHOOL ,,152,91.4,2,92.8,2
433,MICHAEL POWER/ST JOSEPH HIGH SCHOOL ,,1887,88.1,2,94.8,2
614,ST BRIGID CATHOLIC SCHOOL ,,355,92.4,2,93.8,2
617,ST CECILIA CATHOLIC SCHOOL ,,394,95.9,2,97.2,2
633,ST ELIZABETH CATHOLIC SCHOOL ,,147,89.1,2,91.2,2
727,SUBWAY ACADEMY II ,,51,68.6,2,82.4,2
775,WESTMOUNT JUNIOR SCHOOL ,,99,89.9,2,91.9,2
793,WILLOWDALE MIDDLE SCHOOL ,,544,90.1,2,91.7,2
85,BRUCE JUNIOR PUBLIC SCHOOL ,,107,94.4,1.9,93.5,1.9
128,CLAIRLEA PUBLIC SCHOOL ,,359,93.6,1.9,95.3,1.9
139,COSBURN MIDDLE SCHOOL ,,642,91.9,1.9,94.4,1.9
167,DON MILLS COLLEGIATE INSTITUTE ,,971,88.6,1.9,95,1.9
171,DONWOOD PARK JUNIOR PUBLIC SCHOOL ,,375,95.5,1.9,95.2,1.9
426,MARYVALE PUBLIC SCHOOL ,,156,87.2,2.6,92.3,1.9
469,NORTH BRIDLEWOOD JUNIOR PUBLIC SCHOOL ,,107,95.3,1.9,94.4,1.9
475,NORTHLEA ELEMENTARY AND MIDDLE SCHOOL ,,469,94.7,1.9,94.7,1.9
634,ST ELIZABETH SETON CATHOLIC SCHOOL ,,103,92.2,1.9,95.1,1.9
690,ST NORBERT CATHOLIC SCHOOL ,,210,92.4,1.9,91,1.9
762,WALTER PERRY JUNIOR PUBLIC SCHOOL ,,154,83.1,1.9,92.9,1.9
2,ACADEMIE ALEXANDRE-DUMAS ,,110,88.2,1.8,90,1.8
10,ALEXANDER MUIR/GLADSTONE AVE JUNIOR AND SENIOR PUBLIC SCHOOL ,,280,90.4,1.8,93.6,1.8
45,BESSBOROUGH DRIVE ELEMENTARY AND MIDDLE SCHOOL ,,381,90.8,1.8,94.5,1.8
50,BIRCH CLIFF PUBLIC SCHOOL ,,224,91.5,1.8,94.6,1.8
65,BLISS CARMAN SENIOR PUBLIC SCHOOL ,,283,91.2,1.8,92.6,1.8
107,CHALKFARM PUBLIC SCHOOL ,,109,86.2,1.8,87.2,1.8
163,DERRYDOWN PUBLIC SCHOOL ,,167,95.8,1.8,94.6,1.8
232,ERNEST PUBLIC SCHOOL ,,55,98.2,1.8,96.4,1.8
397,LEASIDE HIGH SCHOOL ,,969,89.5,1.8,97.6,1.8
421,MARKET LANE JUNIOR AND SENIOR PUBLIC SCHOOL ,,170,90.6,1.8,90,1.8
449,MOTHER CABRINI CATHOLIC SCHOOL ,,111,94.6,1.8,94.6,1.8
456,MUIRHEAD PUBLIC SCHOOL ,,109,79.8,1.8,75.2,1.8
461,NEWTONBROOK SECONDARY SCHOOL ,,857,80.4,1.8,86.3,1.8
504,PARKFIELD JUNIOR SCHOOL ,,110,90,2.7,92.7,1.8
523,PRINCESS MARGARET JUNIOR SCHOOL ,,169,91.7,1.8,95.3,1.8
548,ROSELANDS JUNIOR PUBLIC SCHOOL ,,166,86.7,1.8,90.4,1.8
666,ST LEO CATHOLIC SCHOOL ,,168,93.5,1.8,94,1.8
672,ST MARGARET'S PUBLIC SCHOOL ,,171,86.5,1.8,90.6,1.8
705,ST SYLVESTER CATHOLIC SCHOOL ,,110,97.3,1.8,96.4,1.8
756,VALLEYFIELD JUNIOR SCHOOL ,,170,86.5,1.8,88.2,1.8
785,WILKINSON JUNIOR PUBLIC SCHOOL ,,272,94.1,1.8,95.2,1.8
112,CHARLES H BEST MIDDLE SCHOOL ,,356,87.6,1.7,89.3,1.7
170,DONVIEW MIDDLE HEALTH AND WELLNESS ACADEMY ,,356,83.7,1.7,87.4,1.7
175,DOWNSVIEW SECONDARY SCHOOL ,,583,79.9,1.7,87,1.7
258,FOREST HILL COLLEGIATE INSTITUTE ,,954,89.1,1.7,95,1.7
259,FOREST HILL JUNIOR AND SENIOR PUBLIC SCHOOL ,,650,88.6,1.7,90.2,1.7
283,GLEN AMES SENIOR PUBLIC SCHOOL ,,416,95.2,1.7,97.4,1.7
310,HEYDON PARK SECONDARY SCHOOL ,,116,83.6,1.7,97.4,1.7
459,NEIL MCNEIL HIGH SCHOOL ,,840,89.5,1.9,97,1.7
488,OUR LADY OF FATIMA CATHOLIC SCHOOL ,,477,91.6,1.7,92.2,1.7
552,RUNNYMEDE COLLEGIATE INSTITUTE ,,545,88.6,1.7,96.5,1.7
667,ST LOUIS CATHOLIC SCHOOL ,,118,96.6,1.7,96.6,1.7
670,ST MARCELLUS CATHOLIC SCHOOL ,,242,86.8,1.7,88,1.7
752,TUMPANE PUBLIC SCHOOL ,,173,94.8,1.7,94.8,1.7
46,BEVERLEY HEIGHTS MIDDLE SCHOOL ,,433,88.2,1.6,91.5,1.6
219,ÉIC MONSEIGNEUR-DE-CHARBONNEL ,,127,89.8,1.6,92.1,1.6
241,F H MILLER JUNIOR PUBLIC SCHOOL ,,61,93.4,1.6,93.4,1.6
393,L'AMOREAUX COLLEGIATE INSTITUTE ,,495,83,1.6,89.7,1.6
407,LORETTO ABBEY CATHOLIC SECONDARY SCHOOL ,,938,89.3,1.7,96.9,1.6
438,MILNE VALLEY MIDDLE SCHOOL ,,580,92.6,1.6,93.3,1.6
498,OWEN PUBLIC SCHOOL ,,250,91.2,1.6,93.6,1.6
528,R H MCGREGOR ELEMENTARY SCHOOL ,,307,94.8,1.6,94.1,1.6
537,RIPPLETON PUBLIC SCHOOL ,,122,95.9,1.6,95.9,1.6
620,ST CLARE CATHOLIC SCHOOL ,,254,92.1,1.6,94.5,1.6
641,ST GABRIEL CATHOLIC CATHOLIC SCHOOL ,,186,86.6,1.6,86.6,1.6
678,ST MARY CATHOLIC SCHOOL ,,187,92.5,1.6,93.6,1.6
777,WESTON MEMORIAL JUNIOR PUBLIC SCHOOL ,,128,88.3,1.6,90.6,1.6
798,WINSTON CHURCHILL COLLEGIATE INSTITUTE ,,561,89.3,1.6,95.5,1.6
28,AVONDALE PUBLIC SCHOOL ,,195,91.3,1.5,91.8,1.5
54,BLACKSMITH PUBLIC SCHOOL ,,67,94,1.5,94,1.5
264,GALLOWAY ROAD PUBLIC SCHOOL ,,134,89.6,1.5,94,1.5
265,GARDEN AVENUE JUNIOR PUBLIC SCHOOL ,,130,94.6,1.5,95.4,1.5
328,HOLY NAME CATHOLIC SCHOOL ,,203,96.1,1.5,97,1.5
373,JOSEPH HOWE SENIOR PUBLIC SCHOOL ,,393,96.2,1.5,96.2,1.5
428,MAURICE CODY JUNIOR PUBLIC SCHOOL ,,268,94.8,1.5,96.6,1.5
460,NELSON MANDELA PARK PUBLIC SCHOOL ,,195,92.3,1.5,92.8,1.5
463,NORMAN COOK JUNIOR PUBLIC SCHOOL ,,65,96.9,1.5,98.5,1.5
535,RENE GORDON HEALTH AND WELLNESS ACADEMY ,,132,95.5,1.5,94.7,1.5
542,ROCKFORD PUBLIC SCHOOL ,,336,78.6,1.5,80.7,1.5
571,SHEPPARD PUBLIC SCHOOL ,,67,98.5,1.5,95.5,1.5
622,ST CLEMENT'S SCHOOL ,,328,37.2,1.5,81.1,1.5
738,THE ELMS JUNIOR MIDDLE SCHOOL ,,262,81.3,1.5,83.2,1.5
741,THE STUDENT SCHOOL ,,66,78.8,1.5,93.9,1.5
768,WEST HILL COLLEGIATE INSTITUTE ,,651,86.5,1.5,94.8,1.5
25,ARBOR GLEN PUBLIC SCHOOL ,,138,97.8,1.4,97.1,1.4
57,BLAYDON PUBLIC SCHOOL ,,73,98.6,1.4,95.9,1.4
89,C R MARCHANT MIDDLE SCHOOL ,,422,87.7,1.4,89.1,1.4
101,CEDARBROOK PUBLIC SCHOOL ,,367,91.8,1.4,94.3,1.4
122,CHURCH STREET JUNIOR PUBLIC SCHOOL ,,145,91,1.4,90.3,1.4
131,CLIFFWOOD PUBLIC SCHOOL ,,142,97.9,1.4,97.2,1.4
135,CONTACT ALTERNATIVE SCHOOL ,,70,67.1,1.4,95.7,1.4
180,DREWRY SECONDARY SCHOOL ,,69,85.5,1.4,91.3,1.4
196,ECOLE-ELEMENTAIRE-ETIENNE-BRULE,,148,85.1,1.4,87.2,1.4
215,EEC SAINT-JEAN-DE-LALANDE ,,74,95.9,1.4,93.2,1.4
229,EMILY CARR PUBLIC SCHOOL ,,210,95.7,1.4,95.2,1.4
327,HOLY FAMILY CATHOLIC SCHOOL ,,138,88.4,1.4,92,1.4
349,ISLINGTON JUNIOR MIDDLE SCHOOL ,,278,83.5,1.4,89.9,1.4
368,JOHN MCCRAE PUBLIC SCHOOL ,,352,93.5,1.4,96,1.4
369,JOHN POLANYI COLLEGIATE INSTITUTE ,,871,78.3,1.5,84.4,1.4
465,NORSEMAN JUNIOR MIDDLE SCHOOL ,,496,97,1.4,97.2,1.4
472,NORTH TORONTO COLLEGIATE INSTITUTE ,,1312,89.3,1.4,96.5,1.4
517,POPLAR ROAD JUNIOR PUBLIC SCHOOL ,,138,97.1,1.4,98.6,1.4
554,RYERSON COMMUNITY SCHOOL ,,278,72.3,1.4,74.5,1.4
560,SCHOOL OF EXPERIENTIAL EDUCATION ,,72,76.4,1.4,97.2,1.4
566,SENATOR O'CONNOR COLLEGE SCHOOL ,,1364,90.1,1.4,95.3,1.4
594,ST ALPHONSUS CATHOLIC SCHOOL ,,140,90,1.4,91.4,1.4
605,ST BARBARA CATHOLIC SCHOOL ,,207,90.3,1.4,90.3,1.4
748,TOM LONGBOAT JUNIOR PUBLIC SCHOOL ,,148,94.6,1.4,96.6,1.4
18,ALVIN CURLING PUBLIC SCHOOL ,,317,94.6,1.3,96.2,1.3
48,BEVERLY GLEN JUNIOR PUBLIC SCHOOL ,,235,96.6,1.3,97,1.3
80,BROOKHAVEN PUBLIC SCHOOL ,,152,88.2,1.3,94.1,1.3
298,GULFSTREAM PUBLIC SCHOOL ,,371,90.3,1.3,93.3,1.3
300,H J ALEXANDER COMMUNITY SCHOOL ,,236,87.7,1.3,91.1,1.3
302,HARRISON PUBLIC SCHOOL ,,75,98.7,1.3,96,1.3
329,HOLY ROSARY CATHOLIC SCHOOL ,,152,93.4,1.3,91.4,1.3
436,MILLIKEN PUBLIC SCHOOL ,,159,95.6,1.3,95,1.3
495,OUR LADY OF THE ASSUMPTION CATHOLIC SCHOOL ,,240,84.6,1.3,78.8,1.3
534,REGINA MUNDI CATHOLIC SCHOOL ,,237,94.9,1.3,95.8,1.3
553,RUNNYMEDE JUNIOR AND SENIOR PUBLIC SCHOOL ,,601,96.7,1.2,97.3,1.3
578,SIR ALEXANDER MACKENZIE SENIOR PUBLIC SCHOOL ,,398,93.5,1.3,95.7,1.3
579,SIR ERNEST MACMILLAN SENIOR PUBLIC SCHOOL ,,374,93.9,1.3,94.4,1.3
628,ST DOMINIC SAVIO CATHOLIC SCHOOL ,,159,93.1,1.3,94.3,1.3
680,ST MARY'S CATHOLIC SECONDARY SCHOOL ,,690,83.5,1.3,89.4,1.3
688,ST NICHOLAS CATHOLIC SCHOOL ,,232,95.3,1.3,95.3,1.3
694,ST PIUS X CATHOLIC SCHOOL ,,315,95.2,1.3,95.2,1.3
710,ST TIMOTHY CATHOLIC SCHOOL ,,392,94.1,1.3,91.8,1.3
737,THE DIVINE INFANT CATHOLIC SCHOOL ,,77,94.8,1.3,94.8,1.3
782,WEXFORD PUBLIC SCHOOL ,,230,85.7,1.3,86.1,1.3
805,YORK MILLS COLLEGIATE INSTITUTE ,,1233,89.5,1.4,96.4,1.3
153,DAVID AND MARY THOMSON COLLEGIATE INSTITUTE ,,1003,87.9,1.2,93.2,1.2
189,EARL HAIG SECONDARY SCHOOL ,,1873,89.2,1.2,95.4,1.2
266,GATEWAY PUBLIC SCHOOL ,,411,83.2,1.2,86.9,1.2
267,GENERAL BROCK PUBLIC SCHOOL ,,243,90.5,1.2,88.9,1.2
350,J B TYRRELL SENIOR PUBLIC SCHOOL ,,416,97.4,1,97.8,1.2
398,LEDBURY PARK ELEMENTARY AND MIDDLE SCHOOL ,,339,90,1.2,92,1.2
425,MARY WARD CATHOLIC SECONDARY SCHOOL ,,1041,90.8,1.2,96.3,1.2
446,MONTROSE JUNIOR PUBLIC SCHOOL ,,84,97.6,1.2,98.8,1.2
451,MSGR FRASER COLLEGE (ALTERNATE STUDY) SECONDARY SCHOOL ,,170,80,1.2,98.2,1.2
515,PLEASANT VIEW MIDDLE SCHOOL ,,334,82.3,1.2,82.6,1.2
551,ROYWOOD PUBLIC SCHOOL ,,84,95.2,1.2,95.2,1.2
555,SACRED HEART CATHOLIC SCHOOL ,,170,92.9,1.2,93.5,1.2
580,SIR JOHN A MACDONALD COLLEGIATE INSTITUTE ,,1130,89.3,1.4,95.2,1.2
589,SPRUCECOURT JUNIOR PUBLIC SCHOOL ,,168,91.1,1.2,95.2,1.2
610,ST BERNARD CATHOLIC SCHOOL ,,404,92.8,1.2,92.8,1.2
776,WESTON COLLEGIATE INSTITUTE ,,928,86,1.3,94,1.2
9,ALBION HEIGHTS JUNIOR MIDDLE SCHOOL ,,262,95.4,0.8,95.4,1.1
19,AMESBURY MIDDLE SCHOOL ,,268,88.4,1.1,93.3,1.1
61,BLESSED PIER GIORGIO FRASSATI CATHOLIC SCHOOL ,,189,97.9,1.1,96.8,1.1
100,CEDARBRAE COLLEGIATE INSTITUTE ,,1101,86.1,1.2,94.6,1.1
178,DR MARION HILLIARD SENIOR PUBLIC SCHOOL ,,274,93.1,1.1,93.4,1.1
228,EMERY COLLEGIATE INSTITUTE ,,554,84.5,1.1,90.4,1.1
245,FAIRMOUNT PUBLIC SCHOOL ,,281,88.3,1.1,92.2,1.1
250,FENSIDE PUBLIC SCHOOL ,,94,91.5,1.1,92.6,1.1
276,GEORGE S HENRY ACADEMY ,,373,84.2,1.1,90.1,1.1
290,GRACEDALE PUBLIC SCHOOL ,,278,92.1,1.1,93.5,1.1
315,HIGHLAND HEIGHTS JUNIOR PUBLIC SCHOOL ,,94,96.8,1.1,95.7,1.1
323,HOLLYWOOD PUBLIC SCHOOL ,,180,92.8,1.1,91.7,1.1
400,LESLIEVILLE JUNIOR PUBLIC SCHOOL ,,182,89.6,1.1,93.4,1.1
437,MILLWOOD JUNIOR SCHOOL ,,185,96.8,1.1,96.8,1.1
484,OGDEN JUNIOR PUBLIC SCHOOL ,,87,95.4,1.1,95.4,1.1
529,R J LANG ELEMENTARY AND MIDDLE SCHOOL ,,278,86.3,1.1,88.5,1.1
544,ROLPH ROAD ELEMENTARY SCHOOL ,,190,97.9,1.1,96.3,1.1
593,ST ALBERT CATHOLIC SCHOOL ,,281,94.3,1.1,94,1.1
606,ST BARNABAS CATHOLIC SCHOOL ,,187,98.4,1.1,97.9,1.1
611,ST BONAVENTURE CATHOLIC SCHOOL ,,377,96,1.1,96,1.1
618,ST CHARLES CATHOLIC SCHOOL ,,176,95.5,1.1,94.3,1.1
625,ST CYRIL CATHOLIC SCHOOL ,,178,96.6,1.1,96.6,1.1
632,ST EDWARD CATHOLIC SCHOOL ,,285,94.4,1.1,93.7,1.1
644,ST GERALD CATHOLIC SCHOOL ,,180,86.7,1.1,87.2,1.1
669,ST MALACHY CATHOLIC SCHOOL ,,184,94,1.1,95.1,1.1
720,STANLEY PUBLIC SCHOOL ,,175,90.3,1.1,93.7,1.1
757,VENERABLE JOHN MERLINI CATHOLIC SCHOOL ,,174,96.6,1.1,98.3,1.1
764,WEDGEWOOD JUNIOR SCHOOL ,,181,93.4,1.1,94.5,1.1
802,WOODBINE JUNIOR HIGH SCHOOL ,,358,89.7,1.1,88.5,1.1
807,YORKWOODS PUBLIC SCHOOL ,,180,87.8,1.1,90,1.1
1,A Y JACKSON SECONDARY SCHOOL ,,1070,91,1,95.7,1
5,AGINCOURT COLLEGIATE INSTITUTE ,,1253,90.7,1,97.8,1
39,BELLMERE JUNIOR PUBLIC SCHOOL ,,193,89.1,1,88.1,1
43,BENNINGTON HEIGHTS ELEMENTARY SCHOOL ,,105,98.1,1,98.1,1
59,BLESSED CARDINAL NEWMAN CATHOLIC SCHOOL ,,996,88.7,1.1,96.4,1
90,C W JEFFERYS COLLEGIATE INSTITUTE ,,776,85.4,1,91.1,1
108,CHAMINADE COLLEGE SCHOOL ,,922,92.7,1,98.2,1
119,CHIEF DAN GEORGE PUBLIC SCHOOL ,,201,91,1,94,1
150,DANFORTH GARDENS PUBLIC SCHOOL ,,313,92.3,1,92.3,1
199,ECOLE ELEMENTAIRE JEANNE-LAJOIE ,,201,90.5,1,93,1
218,EGLINTON JUNIOR PUBLIC SCHOOL ,,207,88.9,1,87,1
286,GLENVIEW SENIOR PUBLIC SCHOOL ,,770,94.7,1,95.6,1
316,HIGHLAND JUNIOR HIGH SCHOOL ,,486,94.4,1,95.9,1
326,HOLY CROSS CATHOLIC SCHOOL ,,202,93.6,1,91.6,1
353,JACK MINER SENIOR PUBLIC SCHOOL ,,197,98.5,1,98,1
372,JOSEPH BRANT SENIOR PUBLIC SCHOOL ,,397,88.4,1,92.2,1
386,KINGSVIEW VILLAGE JUNIOR SCHOOL ,,198,81.8,1,85.9,1
416,MALVERN JUNIOR PUBLIC SCHOOL ,,197,87.8,1,92.4,1
476,NORTHVIEW HEIGHTS SECONDARY SCHOOL ,,1598,86.9,1.1,92.2,1
490,OUR LADY OF GUADALUPE CATHOLIC SCHOOL ,,99,87.9,1,83.8,1
518,PORT ROYAL PUBLIC SCHOOL ,,205,93.2,1,91.7,1
520,PRECIOUS BLOOD CATHOLIC SCHOOL ,,298,89.6,1,89.9,1
522,PRINCE OF PEACE CATHOLIC SCHOOL ,,201,95.5,1,94.5,1
582,SIR SAMUEL B STEELE JUNIOR PUBLIC SCHOOL ,,192,94.3,1,95.8,1
583,SIR WILFRID LAURIER COLLEGIATE INSTITUTE ,,1348,88.6,1,96.1,1
629,ST DOROTHY CATHOLIC SCHOOL ,,200,95.5,1,95,1
684,ST MICHAEL CATHOLIC SCHOOL ,,105,87.6,1,96.2,1
687,ST MONICA CATHOLIC SCHOOL ,,195,90.3,1,93.8,1
695,ST RAPHAEL CATHOLIC SCHOOL ,,301,94,1,94,1
724,STILECROFT PUBLIC SCHOOL ,,100,94,1,95,1
783,WHITE HAVEN JUNIOR PUBLIC SCHOOL ,,306,90.8,1,93.1,1
11,ALEXANDER STIRLING PUBLIC SCHOOL ,,229,84.7,0.9,91.3,0.9
51,BIRCHMOUNT PARK COLLEGIATE INSTITUTE ,,886,87.2,0.9,94.7,0.9
87,BURROWS HALL JUNIOR PUBLIC SCHOOL ,,112,94.6,0.9,93.8,0.9
193,EASTDALE COLLEGIATE INSTITUTE ,,116,81.9,0.9,93.1,0.9
211,ÉÉC GEORGES-ÉTIENNE-CARTIER ,,223,97.8,0.9,98.7,0.9
299,H A HALBERT JUNIOR PUBLIC SCHOOL ,,114,92.1,0.9,94.7,0.9
303,HARWOOD PUBLIC SCHOOL ,,117,94.9,0.9,96.6,0.9
333,HUMBER SUMMIT MIDDLE SCHOOL ,,458,82.3,0.9,87.1,0.9
345,INGLEWOOD HEIGHTS JUNIOR PUBLIC SCHOOL ,,109,95.4,0.9,96.3,0.9
371,JOHN WANLESS JUNIOR PUBLIC SCHOOL ,,346,94.5,0.9,96.2,0.9
401,LESTER B PEARSON COLLEGIATE INSTITUTE ,,1334,90.2,0.9,97.5,0.9
423,MARTINGROVE COLLEGIATE INSTITUTE ,,1111,89.9,0.9,96.2,0.9
445,MONSIGNOR PERCY JOHNSON CATHOLIC HIGH SCHOOL ,,964,86.7,0.9,94.7,0.9
466,NORTH AGINCOURT JUNIOR PUBLIC SCHOOL ,,225,92.4,0.9,95.1,0.9
485,ORDE STREET JUNIOR PUBLIC SCHOOL ,,211,82.5,0.9,83.4,0.9
637,ST FLORENCE CATHOLIC SCHOOL ,,108,94.4,0.9,93.5,0.9
650,ST JAMES CATHOLIC SCHOOL ,,113,94.7,0.9,95.6,0.9
661,ST JOSEPH'S COLLEGE SCHOOL ,,771,90.3,0.9,95.1,0.9
692,ST PATRICK CATHOLIC SECONDARY SCHOOL ,,782,87,0.9,90.9,0.9
725,STS COSMAS AND DAMIAN CATHOLIC SCHOOL ,,231,93.1,0.9,92.2,0.9
743,THISTLETOWN COLLEGIATE INSTITUTE ,,467,83.5,1.3,94.6,0.9
770,WEST HUMBER COLLEGIATE INSTITUTE ,,1060,86.6,0.9,93.6,0.9
23,ANSON PARK PUBLIC SCHOOL ,,131,92.4,0.8,92.4,0.8
109,CHARLES E WEBSTER PUBLIC SCHOOL ,,263,91.3,0.8,90.9,0.8
127,CLAIREVILLE JUNIOR SCHOOL ,,119,92.4,0.8,91.6,0.8
151,DANTE ALIGHIERI ACADEMY ,,841,86.7,0.8,92.3,0.8
169,DON VALLEY JUNIOR HIGH SCHOOL ,,367,94,0.8,95.6,0.8
246,FATHER HENRY CARR CATHOLIC SECONDARY SCHOOL ,,917,86.8,0.8,93.5,0.8
261,FRANCIS LIBERMANN CATHOLIC HIGH SCHOOL ,,906,89,0.8,94.9,0.8
278,GEORGE WEBSTER ELEMENTARY SCHOOL ,,500,90.8,0.8,90.2,0.8
314,HIGHLAND CREEK PUBLIC SCHOOL ,,127,98.4,0.8,98.4,0.8
339,HUNTER'S GLEN JUNIOR PUBLIC SCHOOL ,,256,93.4,0.8,95.7,0.8
358,JARVIS COLLEGIATE INSTITUTE ,,660,88,0.9,93.9,0.8
561,SCHOOL OF LIFE EXPERIENCE ,,120,85.8,0.8,95,0.8
590,ST AGATHA CATHOLIC SCHOOL ,,244,96.3,0.8,97.5,0.8
646,ST HELEN CATHOLIC SCHOOL ,,258,95.3,0.8,97.3,0.8
660,ST JOSEPH CATHOLIC SCHOOL ,,125,98.4,0.8,97.6,0.8
697,ST RICHARD CATHOLIC SCHOOL ,,260,95,0.8,98.1,0.8
751,TREDWAY WOODSWORTH PUBLIC SCHOOL ,,511,97.1,1,96.9,0.8
758,VICTORIA PARK COLLEGIATE INSTITUTE ,,1215,89,0.8,96,0.8
808,ZION HEIGHTS JUNIOR HIGH SCHOOL ,,596,94,0.8,95.3,0.8
53,BISHOP MARROCCO/THOMAS MERTON CATHOLIC SECONDARY SCHOOL ,,714,87.5,0.7,93.1,0.7
98,CASSANDRA PUBLIC SCHOOL ,,137,95.6,0.7,95.6,0.7
123,CHURCHILL HEIGHTS PUBLIC SCHOOL ,,278,96,0.7,95.7,0.7
138,CORVETTE JUNIOR PUBLIC SCHOOL ,,273,92.3,0.7,94.9,0.7
172,DORSET PARK PUBLIC SCHOOL ,,151,94.7,0.7,94,0.7
213,ÉÉC SAINTE-MADELEINE ,,148,95.3,0.7,95.3,0.7
225,ELLESMERE-STATTON PUBLIC SCHOOL ,,422,95.7,0.7,95.5,0.7
285,GLEN RAVINE JUNIOR PUBLIC SCHOOL ,,151,96.7,0.7,96.7,0.7
307,HENRY HUDSON SENIOR PUBLIC SCHOOL ,,287,96.2,0.7,96.2,0.7
434,MILITARY TRAIL PUBLIC SCHOOL ,,282,75.9,0.7,85.5,0.7
455,MSGR JOHN CORRIGAN CATHOLIC SCHOOL ,,144,92.4,0.7,92.4,0.7
471,NORTH KIPLING JUNIOR MIDDLE SCHOOL ,,417,86.1,0.7,88.7,0.7
479,OAKDALE PARK MIDDLE SCHOOL ,,419,87.6,0.7,91.9,0.7
584,SIR WILLIAM OSLER HIGH SCHOOL ,,141,87.2,0.7,93.6,0.7
619,ST CHARLES GARNIER CATHOLIC SCHOOL ,,270,90.4,0.7,90.7,0.7
630,ST DUNSTAN CATHOLIC SCHOOL ,,142,90.8,0.7,90.8,0.7
652,ST JEAN DE BREBEUF CATHOLIC SCHOOL ,,140,96.4,0.7,97.9,0.7
656,ST JOHN CATHOLIC SCHOOL ,,284,95.1,0.7,96.5,0.7
664,ST KEVIN CATHOLIC SCHOOL ,,150,98,0.7,98,0.7
665,ST LAWRENCE CATHOLIC SCHOOL ,,288,94.1,0.7,93.8,0.7
715,ST. BASIL-THE-GREAT COLLEGE SCHOOL ,,1304,89.3,0.7,95.4,0.7
723,STEPHEN LEACOCK COLLEGIATE INSTITUTE ,,582,84.5,0.7,90.2,0.7
12,ALEXMUIR JUNIOR PUBLIC SCHOOL ,,179,91.6,0.6,95.5,0.6
49,BIRCH CLIFF HEIGHTS PUBLIC SCHOOL ,,163,95.7,0.6,97.5,0.6
99,CEDAR DRIVE JUNIOR PUBLIC SCHOOL ,,343,96.2,0.6,95.9,0.6
142,CRESCENT TOWN ELEMENTARY SCHOOL ,,180,95.6,0.6,93.9,0.6
255,FISHERVILLE SENIOR PUBLIC SCHOOL ,,160,95.6,0.6,91.3,0.6
272,GEORGE HARVEY COLLEGIATE INSTITUTE ,,488,78.9,0.6,83.6,0.6
274,GEORGE PECK PUBLIC SCHOOL ,,162,95.7,1.2,96.3,0.6
295,GRENOBLE PUBLIC SCHOOL ,,509,85.7,0.6,87.8,0.6
420,MARC GARNEAU COLLEGIATE INSTITUTE ,,1701,85.7,0.6,93.2,0.6
422,MARSHALL MCLUHAN CATHOLIC SECONDARY SCHOOL ,,1087,90.6,0.6,96.5,0.6
427,MASON ROAD JUNIOR PUBLIC SCHOOL ,,175,86.9,0.6,89.7,0.6
480,OAKRIDGE JUNIOR PUBLIC SCHOOL ,,172,92.4,0.6,94.8,0.6
489,OUR LADY OF GRACE CATHOLIC SCHOOL ,,176,92,0.6,96,0.6
516,POPE FRANCIS CATHOLIC SCHOOL ,,161,92.5,0.6,93.8,0.6
527,R H KING ACADEMY ,,1264,88.9,0.7,97.5,0.6
533,REGENT HEIGHTS PUBLIC SCHOOL ,,318,90.3,0.6,92.5,0.6
600,ST ANGELA CATHOLIC SCHOOL ,,322,83.2,0.6,86.3,0.6
613,ST BRENDAN CATHOLIC SCHOOL ,,354,97.7,0.6,98.6,0.6
624,ST CONRAD CATHOLIC SCHOOL ,,349,94.8,0.6,93.4,0.6
640,ST FRANCIS XAVIER CATHOLIC SCHOOL ,,326,89.6,0.6,91.1,0.6
647,ST HENRY CATHOLIC SCHOOL ,,154,92.9,0.6,94.2,0.6
662,ST JOSEPHS MORROW PARK HIGH SCHOOL ,,468,85.9,0.6,89.5,0.6
703,ST SIMON CATHOLIC SCHOOL ,,319,94,0.6,95,0.6
706,ST TERESA CATHOLIC SCHOOL ,,170,88.8,0.6,91.8,0.6
711,ST URSULA CATHOLIC SCHOOL ,,158,95.6,0.6,94.3,0.6
716,ST. JOHN PAUL II CATHOLIC SECONDARY SCHOOL ,,1311,90.5,0.6,97.6,0.6
721,STEELESVIEW PUBLIC SCHOOL ,,173,98.8,0.6,98.8,0.6
732,TAM O'SHANTER JUNIOR PUBLIC SCHOOL ,,161,90.1,0.6,90.7,0.6
60,BLESSED MARGHERITA OF CITTA CASTELLO CATHOLIC SCHOOL ,,209,98.1,0.5,98.6,0.5
76,BRIMWOOD BOULEVARD JUNIOR PUBLIC SCHOOL ,,186,91.4,0.5,96.2,0.5
83,BROOKVIEW MIDDLE SCHOOL ,,423,90.8,0.5,93.9,0.5
96,CARDINAL LEGER CATHOLIC SCHOOL ,,193,96.9,0.5,97.9,0.5
309,HERITAGE PARK PUBLIC SCHOOL ,,190,93.7,0.5,93.7,0.5
312,HIGHCASTLE PUBLIC SCHOOL ,,198,89.4,0.5,92.4,0.5
363,JOHN D PARKER JUNIOR SCHOOL ,,193,91.2,0.5,92.2,0.5
406,LORD ROBERTS JUNIOR PUBLIC SCHOOL ,,205,88.8,0.5,91.2,0.5
408,LORETTO COLLEGE SCHOOL ,,444,91.2,0.5,97.7,0.5
447,MORRISH PUBLIC SCHOOL ,,202,92.6,0.5,95,0.5
478,NOTRE DAME CATHOLIC HIGH SCHOOL ,,665,89,0.5,97.3,0.5
493,OUR LADY OF PERPETUAL HELP CATHOLIC SCHOOL ,,197,97.5,0.5,95.9,0.5
512,PIERRE LAPORTE MIDDLE SCHOOL ,,404,86.6,0.5,88.4,0.5
556,SAMUEL HEARNE PUBLIC SCHOOL ,,376,86.4,0.5,90.2,0.5
592,ST AIDAN CATHOLIC SCHOOL ,,184,90.2,0.5,93.5,0.5
609,ST BENEDICT CATHOLIC SCHOOL ,,385,91.7,0.8,92.5,0.5
651,ST JANE FRANCES CATHOLIC SCHOOL ,,436,92,0.5,93.3,0.5
671,ST MARGARET CATHOLIC SCHOOL ,,416,91.8,0.5,88.5,0.5
689,ST NICHOLAS OF BARI CATHOLIC SCHOOL ,,393,96.9,0.5,97.5,0.5
699,ST ROBERT CATHOLIC SCHOOL ,,381,94.5,0.5,92.1,0.5
712,ST VICTOR CATHOLIC SCHOOL ,,203,95.1,0.5,95.1,0.5
714,ST WILFRID CATHOLIC SCHOOL ,,411,84.9,0.5,85.9,0.5
778,WESTVIEW CENTENNIAL SECONDARY SCHOOL ,,821,79.4,0.5,90.7,0.5
35,BAYVIEW MIDDLE SCHOOL ,,453,90.3,0.4,90.3,0.4
279,GEORGES VANIER SECONDARY SCHOOL ,,850,77.1,0.4,81.8,0.4
337,HUMBERWOOD DOWNS JUNIOR MIDDLE ACADEMY ,,469,97,0.4,97.2,0.4
355,JAMES CARDINAL MCGUIGAN CATHOLIC HIGH SCHOOL ,,851,83.2,0.4,89,0.4
356,JAMES CULNAN CATHOLIC SCHOOL ,,275,96.4,0.4,97.5,0.4
404,LORD DUFFERIN JUNIOR AND SENIOR PUBLIC SCHOOL ,,275,90.5,0.4,92.4,0.4
413,MACKLIN PUBLIC SCHOOL ,,279,91.8,0.4,92.1,0.4
424,MARY SHADD PUBLIC SCHOOL ,,262,91.2,0.4,93.9,0.4
603,ST ANTOINE DANIEL CATHOLIC SCHOOL ,,242,88.8,0.4,88.8,0.4
704,ST STEPHEN CATHOLIC SCHOOL ,,270,91.9,0.4,93.7,0.4
717,ST. JOHN XXIII CATHOLIC SCHOOL ,,264,86,0.4,84.5,0.4
722,STELLA MARIS CATHOLIC SCHOOL ,,224,96,0.4,96.4,0.4
734,TECUMSEH SENIOR PUBLIC SCHOOL ,,263,89.4,0.4,93.5,0.4
755,VALLEY PARK MIDDLE SCHOOL ,,983,77.5,0.4,81,0.4
8,ALBERT CAMPBELL COLLEGIATE INSTITUTE ,,1154,89.2,0.3,95,0.3
37,BEAUMONDE HEIGHTS JUNIOR MIDDLE SCHOOL ,,378,92.6,0.3,93.4,0.3
58,BLESSED ARCHBISHOP ROMERO CATHOLIC SECONDARY SCHOOL ,,698,89.1,0.3,95.1,0.3
166,DIXON GROVE JUNIOR MIDDLE SCHOOL ,,576,89.6,0.3,91.3,0.3
179,DR NORMAN BETHUNE COLLEGIATE INSTITUTE ,,969,91,0.3,97.3,0.3
222,ELIA MIDDLE SCHOOL ,,297,89.9,0.3,93.3,0.3
260,FOREST MANOR PUBLIC SCHOOL ,,302,86.4,0.3,87.7,0.3
304,HAVERGAL JUNIOR SCHOOL,,288,80.9,0.3,92,0.3
308,HENRY KELSEY SENIOR PUBLIC SCHOOL ,,298,96.6,0.3,96.6,0.3
313,HIGHFIELD JUNIOR SCHOOL ,,290,95.9,0.3,96.6,0.3
359,JEAN VANIER CATHOLIC SECONDARY SCHOOL ,,860,88.7,0.5,92.4,0.3
429,MCKEE PUBLIC SCHOOL ,,308,93.5,0.3,92.2,0.3
558,SATEC @ W A PORTER COLLEGIATE INSTITUTE ,,1199,89.3,0.3,95.7,0.3
604,ST AUGUSTINE CATHOLIC SCHOOL ,,342,89.8,0.3,89.5,0.3
653,ST JEROME CATHOLIC SCHOOL ,,317,88.6,0.3,91.5,0.3
681,ST MATTHEW CATHOLIC SCHOOL ,,338,97,0.3,97.3,0.3
771,WEST HUMBER JUNIOR MIDDLE SCHOOL ,,308,96.8,0.3,95.1,0.3
82,BROOKSIDE PUBLIC SCHOOL ,,456,96.9,0.2,98,0.2
145,CUMMER VALLEY MIDDLE SCHOOL ,,425,92.9,0.2,92,0.2
387,KIPLING COLLEGIATE INSTITUTE ,,449,80.6,0.2,89.1,0.2
496,OUR LADY OF VICTORY CATHOLIC SCHOOL ,,419,91.6,0.2,92.4,0.2
586,SMITHFIELD MIDDLE SCHOOL ,,637,93.4,0.2,94.5,0.2
597,ST ANDREW CATHOLIC SCHOOL ,,459,85.8,0.2,89.8,0.2
674,ST MARIA GORETTI CATHOLIC SCHOOL ,,637,93.9,0.2,93.9,0.2
691,ST PASCHAL BAYLON CATHOLIC SCHOOL ,,450,89.6,0.2,86.2,0.2
745,THORNCLIFFE PARK PUBLIC SCHOOL ,,829,85.3,0.2,89.1,0.2
800,WOBURN COLLEGIATE INSTITUTE ,,900,90.9,0.2,97.9,0.2
414,MADONNA CATHOLIC SECONDARY SCHOOL ,,676,87.9,0.1,93,0.1
6,AGINCOURT JUNIOR PUBLIC SCHOOL ,,109,98.2,0,98.2,0
7,AGNES MACPHAIL PUBLIC SCHOOL ,,180,95.6,0,97.8,0
17,ALTERNATIVE SCARBOROUGH EDUCATION 1 ,,70,87.1,1.4,97.1,0
20,ANCASTER PUBLIC SCHOOL ,,48,97.9,0,95.8,0
24,ANSON S TAYLOR JUNIOR PUBLIC SCHOOL ,,103,97.1,0,98.1,0
30,BALA AVENUE COMMUNITY SCHOOL ,,108,93.5,0,96.3,0
33,BANTING AND BEST PUBLIC SCHOOL ,,186,91.9,0,93,0
42,BENDALE JUNIOR PUBLIC SCHOOL ,,188,94.7,0,93.1,0
44,BERNER TRAIL JUNIOR PUBLIC SCHOOL ,,129,96.1,0,97.7,0
62,BLESSED POPE PAUL VI CATHOLIC SCHOOL ,,196,92.9,0,94.4,0
71,BOYS' LEADERSHIP ACADEMY ,,47,93.6,0,93.6,0
72,BRAEBURN JUNIOR SCHOOL ,,69,95.7,0,92.8,0
81,BROOKMILL BOULEVARD JUNIOR PUBLIC SCHOOL ,,120,94.2,0,95.8,0
88,C D FARQUHARSON JUNIOR PUBLIC SCHOOL ,,185,93,0,94.1,0
91,CALC SECONDARY SCHOOL ,,201,66.7,0,76.6,0
94,CANADIAN MARTYRS CATHOLIC SCHOOL ,,196,94.4,0,95.9,0
113,CHARLES-SAURIOL ,,147,92.5,0,93.2,0
115,CHARTLAND JUNIOR PUBLIC SCHOOL ,,91,100,0,100,0
130,CLIFFSIDE PUBLIC SCHOOL ,,134,98.5,0,97.8,0
137,CORNELL JUNIOR PUBLIC SCHOOL ,,375,97.3,0,97.9,0
144,CRESTVIEW PUBLIC SCHOOL ,,124,97.6,0,96,0
152,D'ARCY MCGEE CATHOLIC SCHOOL ,,178,97.8,0,97.8,0
155,DAVID LEWIS PUBLIC SCHOOL ,,302,91.4,0,92.7,0
157,DAYSTROM PUBLIC SCHOOL ,,186,94.1,0,95.7,0
181,DRIFTWOOD PUBLIC SCHOOL ,,190,92.6,0,93.7,0
191,EAST YORK ALTERNATIVE SECONDARY SCHOOL ,,114,81.6,0,97.4,0
194,EASTVIEW PUBLIC SCHOOL ,,201,77.1,0,83.1,0
195,EATONVILLE JUNIOR SCHOOL ,,100,97,0,98,0
202,ECOLE ELEMENTAIRE MATHIEU-DA-COSTAI ,,82,85.4,0,91.5,0
203,ECOLE ELEMENTAIRE MICHELINE-SAINT-CYR ,,42,88.1,0,76.2,0
204,ECOLE ELEMENTAIRE PAUL-DEMERS ,,46,63,0,71.7,0
209,EDGEWOOD PUBLIC SCHOOL ,,102,96.1,0,96.1,0
210,ECOLE DU SACRE-COEUR-TORONTO ,,70,97.1,0,97.1,0
217,ECOLE ELEMENTAIRE SAINT-NOEL-CHABANEL-TORONTO ,,83,94,0,95.2,0
220,ESC PERE-PHILIPPE-LAMARCHE ,,112,92,0,94.6,0
230,EPIPHANY OF OUR LORD CATHOLIC ACADEMY ,,115,87,0,89.6,0
234,ESC-PERE-PHILIPPE-LAMARCHE ,,77,90.9,0,96.1,0
243,FAIRBANK MEMORIAL COMMUNITY SCHOOL ,,53,94.3,0,96.2,0
244,FAIRGLEN JUNIOR PUBLIC SCHOOL ,,215,98.1,0,98.6,0
253,FIRGROVE PUBLIC SCHOOL ,,151,89.4,0,91.4,0
256,FLEMING PUBLIC SCHOOL ,,174,95.4,0,98.3,0
257,FLEMINGTON PUBLIC SCHOOL ,,101,91.1,0,89.1,0
270,GEORGE ANDERSON PUBLIC SCHOOL ,,66,98.5,0,97,0
271,GEORGE B LITTLE PUBLIC SCHOOL ,,260,90,0,93.5,0
275,GEORGE R GAULD JUNIOR SCHOOL ,,52,92.3,0,96.2,0
281,GLAMORGAN JUNIOR PUBLIC SCHOOL ,,257,91.4,0,96.5,0
287,GOLF ROAD JUNIOR PUBLIC SCHOOL ,,151,94,0,96.7,0
289,GOSFORD PUBLIC SCHOOL ,,111,90.1,0,94.6,0
291,GRACEFIELD PUBLIC SCHOOL ,,102,92.2,0,94.1,0
292,GREENHOLME JUNIOR MIDDLE SCHOOL ,,213,89.2,0,91.1,0
294,GREENWOOD SECONDARY SCHOOL ,,147,62.6,0,61.2,0
306,HEATHER HEIGHTS JUNIOR PUBLIC SCHOOL ,,89,98.9,0,97.8,0
317,HIGHVIEW PUBLIC SCHOOL ,,70,94.3,0,97.1,0
319,HILLMOUNT PUBLIC SCHOOL ,,89,96.6,0,97.8,0
325,HOLY CHILD CATHOLIC SCHOOL ,,206,92.2,0,92.2,0
330,HOLY SPIRIT CATHOLIC SCHOOL ,,264,91.7,0,90.5,0
341,IMMACULATE CONCEPTION CATHOLIC SCHOOL ,,298,96,0,96.3,0
342,IMMACULATE HEART OF MARY CATHOLIC SCHOOL ,,105,96.2,0,95.2,0
346,IONVIEW PUBLIC SCHOOL ,,219,87.2,0,91.3,0
347,IROQUOIS JUNIOR PUBLIC SCHOOL ,,217,97.2,0,99.1,0
351,J G WORKMAN PUBLIC SCHOOL ,,126,98.4,0,98.4,0
361,JOHN A LESLIE PUBLIC SCHOOL ,,335,93.1,0,95.8,0
362,JOHN BUCHAN SENIOR PUBLIC SCHOOL ,,185,93,0,91.4,0
375,JOYCE PUBLIC SCHOOL ,,121,93.4,0,95,0
378,KEELESDALE JUNIOR PUBLIC SCHOOL ,,62,93.5,0,96.8,0
379,KENNEDY PUBLIC SCHOOL ,,352,97.2,0,97.2,0
382,KIMBERLEY JUNIOR PUBLIC SCHOOL ,,141,98.6,0,99.3,0
388,KNOB HILL PUBLIC SCHOOL ,,314,84.4,0,86.3,0
390,LAMBERTON PUBLIC SCHOOL ,,137,79.6,0,86.1,0
392,LAMBTON PARK COMMUNITY SCHOOL ,,56,82.1,0,85.7,0
403,LILLIAN PUBLIC SCHOOL ,,99,98,0,97,0
409,LUCY MAUD MONTGOMERY PUBLIC SCHOOL ,,124,98.4,0,99.2,0
432,MELODY VILLAGE JUNIOR SCHOOL ,,88,97.7,0,96.6,0
440,MONSIGNOR FRASER COLLEGE (MIDLAND NORTH) ,,99,83.8,0,98,0
441,MONSIGNOR FRASER COLLEGE (MIDTOWN) ,,73,89,0,98.6,0
442,MONSIGNOR FRASER COLLEGE (NORTHEAST) ,,34,85.3,0,97.1,0
443,MONSIGNOR FRASER COLLEGE (SOUTHWEST) ,,44,75,0,93.2,0
444,MONSIGNOR FRASER COLLEGE (ST. MARTIN) ,,15,26.7,0,93.3,0
452,MSGR FRASER COLLEGE (NORFINCH CAMPUS) ,,114,71.9,0,87.7,0
453,MSGR FRASER-ISABELLA ,,56,57.1,0,89.3,0
454,MSGR FRASER-MIDLAND ,,72,72.2,0,87.5,0
467,NORTH ALBION COLLEGIATE INSTITUTE ,,790,88.4,0.1,97.1,0
473,NORTH WEST YEAR ROUND ALTERNATIVE CENTRE ,,29,82.8,0,96.6,0
483,O'CONNOR PUBLIC SCHOOL ,,55,92.7,0,94.5,0
491,OUR LADY OF LOURDES CATHOLIC SCHOOL ,,334,93.4,0,93.4,0
505,PARKSIDE ELEMENTARY SCHOOL ,,69,94.2,0,95.7,0
507,PAULINE JOHNSON JUNIOR PUBLIC SCHOOL ,,119,90.8,0,95,0
510,PERCY WILLIAMS JUNIOR PUBLIC SCHOOL ,,158,86.7,0,92.4,0
513,PINEWAY PUBLIC SCHOOL ,,51,96.1,0,96.1,0
530,RANCHDALE PUBLIC SCHOOL ,,89,97.8,0,97.8,0
540,ROBERT SERVICE SENIOR PUBLIC SCHOOL ,,169,94.7,0,98.8,0
545,ROSE AVENUE JUNIOR PUBLIC SCHOOL ,,303,87.8,0,88.4,0
547,ROSEDALE JUNIOR PUBLIC SCHOOL ,,119,98.3,0,99.2,0
550,ROUGE VALLEY PUBLIC SCHOOL ,,146,97.3,0,98.6,0
557,SANTA MARIA CATHOLIC SCHOOL ,,137,93.4,0,94.2,0
559,SCARBOROUGH VILLAGE PUBLIC SCHOOL ,,121,90.1,0,93.4,0
567,SENECA HILL PUBLIC SCHOOL ,,150,99.3,0,98.7,0
570,SHAUGHNESSY PUBLIC SCHOOL ,,126,98.4,0,98.4,0
573,SHOREHAM PUBLIC SCHOOL ,,104,92.3,0,92.3,0
574,SILVER SPRINGS PUBLIC SCHOOL ,,221,95,0,94.1,0
585,SLOANE PUBLIC SCHOOL ,,96,94.8,0,96.9,0
587,SOUTH EAST YEAR ROUND ALTERNATIVE CENTRE ,,64,89.1,0,100,0
596,ST ANDRE CATHOLIC SCHOOL ,,365,91,0,89.6,0
599,ST ANDREWS PUBLIC SCHOOL ,,191,93.7,0,94.2,0
608,ST BEDE CATHOLIC SCHOOL ,,93,96.8,0,97.8,0
612,ST BONIFACE CATHOLIC SCHOOL ,,209,92.3,0,91.9,0
631,ST EDMUND CAMPION CATHOLIC SCHOOL ,,156,98.7,0,96.8,0
638,ST FRANCIS DE SALES CATHOLIC SCHOOL ,,280,90.4,0,89.6,0
649,ST ISAAC JOGUES CATHOLIC SCHOOL ,,201,92.5,0,92.5,0
654,ST JOACHIM CATHOLIC SCHOOL ,,173,97.1,0,98.3,0
655,ST JOHN BOSCO CATHOLIC SCHOOL ,,199,97.5,0,96.5,0
657,ST JOHN THE EVANGELIST CATHOLIC SCHOOL ,,259,92.7,0,93.1,0
663,ST JUDE CATHOLIC SCHOOL ,,475,92,0,94.1,0
668,ST LUIGI CATHOLIC SCHOOL ,,79,93.7,0,92.4,0
673,ST MARGUERITE BOURGEOYS CATHOLIC CATHOLIC SCHOOL ,,58,96.6,0,98.3,0
677,ST MARTIN DE PORRES CATHOLIC SCHOOL ,,257,89.1,0,91.4,0
679,ST MARY OF THE ANGELS CATHOLIC SCHOOL ,,150,97.3,0,96,0
683,ST MAURICE CATHOLIC SCHOOL ,,170,94.1,0,95.3,0
693,ST PAUL CATHOLIC SCHOOL ,,104,89.4,0,90.4,0
696,ST RENE GOUPIL CATHOLIC SCHOOL ,,118,50.8,0,51.7,0
698,ST RITA CATHOLIC SCHOOL ,,51,96.1,0,100,0
700,ST ROCH CATHOLIC SCHOOL ,,229,95.6,0,97.4,0
701,ST ROSE OF LIMA CATHOLIC SCHOOL ,,274,93.4,0,92.3,0
707,ST THERESA SHRINE CATHOLIC SCHOOL ,,123,96.7,0,95.9,0
708,ST THOMAS AQUINAS CATHOLIC SCHOOL ,,331,92.1,0,94.3,0
709,ST THOMAS MORE CATHOLIC SCHOOL ,,208,92.8,0,94.7,0
733,TAYLOR CREEK PUBLIC SCHOOL,,235,92.3,0,93.2,0
736,TERRY FOX PUBLIC SCHOOL ,,243,93,0,95.5,0
744,THOMAS L WELLS PUBLIC SCHOOL ,,349,95.4,0,97.1,0
747,TIMBERBANK JUNIOR PUBLIC SCHOOL ,,118,95.8,0,95.8,0
749,TOPCLIFF PUBLIC SCHOOL ,,160,95,0,96.9,0
759,VICTORIA PARK ELEMENTARY SCHOOL ,,72,98.6,0,100,0
761,VRADENBURG JUNIOR PUBLIC SCHOOL ,,121,96.7,0,98.3,0
787,WILLIAM G DAVIS JUNIOR PUBLIC SCHOOL ,,125,98.4,0,98.4,0
792,WILLOW PARK JUNIOR PUBLIC SCHOOL ,,186,88.2,0,90.9,0
794,WILMINGTON ELEMENTARY SCHOOL ,,51,86.3,0,84.3,0
801,WOBURN JUNIOR PUBLIC SCHOOL ,,185,90.3,0,89.2,0